--------- beginning of main
08-08 14:10:30.770 25124  3957 I egui-showcase: egui_android_platform_android::run: run: запуск egui-android-framework, backend=Gl
08-08 14:10:30.770 25124  3957 I egui-showcase: egui_android_platform_android::run: run: создаём GlBackend
08-08 14:10:30.772 25124  3957 I egui-showcase: egui_android_platform_android::saved_state_jni: JNI: GLOBAL_PLATFORM_STATE инициализирован
08-08 14:10:30.772 25124  3957 I egui-showcase: egui_android_platform_android::run: KeyboardController: зарегистрирован в egui Context (с set_options + editor_state)
08-08 14:10:30.776 25124 25124 I egui-showcase: egui_android_platform_android::saved_state_jni: JNI: nativeSetSavedState — byteArray == null, пропускаем (первый запуск)
08-08 14:10:30.776 25124 25124 I EguiActivity: onCreate: saved_state = null
08-08 14:10:30.787 25124  3957 I egui-showcase: egui_android_platform_android::backend::gl_backend: GlBackend: Resume
08-08 14:10:30.787 25124  3957 I egui-showcase: egui_android_platform_android::lifecycle: Lifecycle: Resume
08-08 14:10:30.823 25124  3957 I egui-showcase: egui_android_platform_android::backend::gl_backend: GlBackend: InitWindow (GameActivity)
08-08 14:10:30.823 25124  3957 I egui-showcase: egui_android_platform_android::insets: pp: system densityDpi=520, pixels_per_point=3.25
08-08 14:10:30.823 25124  3957 I egui-showcase: egui_android_platform_android::lifecycle: Lifecycle: InitWindow
08-08 14:10:30.823 25124  3957 I egui-showcase: egui_android_platform_android::backend::gl_backend: GlBackend: init — без EGL
08-08 14:10:30.823 25124  3957 I egui-showcase: egui_android_platform_android::insets: pp: system densityDpi=520, pixels_per_point=3.25
08-08 14:10:30.823 25124  3957 I egui-showcase: egui_android_platform_android::backend::gl_backend: GlBackend: init_graphics (EGL)
08-08 14:10:30.861 25124  3957 I egui-showcase: egui_android_platform_android::egl_backend: EGL initialized: 1.5
08-08 14:10:30.861 25124  3957 I egui-showcase: egui_android_platform_android::egl_backend: EglState::create: устанавливаем ANativeWindow формат RGBA_8888
08-08 14:10:30.861 25124  3957 I egui-showcase: egui_android_platform_android::egl_backend: EglState::create: ANativeWindow_setBuffersGeometry result = 0 (0=ok)
08-08 14:10:30.862 25124  3957 I egui-showcase: egui_android_platform_android::lifecycle: Lifecycle: InitWindow (первый) — saved_state_buffer: пуст
08-08 14:10:30.863 25124  3957 I egui-showcase: egui_android_platform_android::insets: JNI insets (WindowInsets.Type.systemBars): left=0, top=152, right=0, bottom=153
08-08 14:10:30.865 25124  3957 I egui-showcase: egui_android_platform_android::system_bars::inner: detect_system_theme_jni: uiMode=0x21 → Dark
08-08 14:10:30.968 25124  3957 I egui-showcase: egui_android_platform_android::system_bars::inner: apply_system_bars_color_jni: caller=             at ./rustc/59807616e1fa2540724bfbac14d7976d7e4a3860/library/std/src/../../backtrace/src/backtrace/mod.rs:66:14 theme=Dark
08-08 14:10:30.969 25124  3957 I egui-showcase: egui_android_platform_android::log: apply_system_bars_color_jni: setSystemBarsAppearance appearance=0x0 mask=0x18
08-08 14:10:30.969 25124  3957 I egui-showcase: egui_android_platform_android::log: apply_system_bars_color_jni: theme=Dark color=#ffffff
08-08 14:10:30.969 25124  3957 I egui-showcase: egui_android_platform_android::system_bars::inner: set_transparent_system_bars: начало
08-08 14:10:30.969 25124  3957 I egui-showcase: egui_android_platform_android::system_bars::inner: set_transparent_system_bars: StatusBar → TRANSPARENT
08-08 14:10:30.969 25124  3957 I egui-showcase: egui_android_platform_android::system_bars::inner: set_transparent_system_bars: NavigationBar → TRANSPARENT
08-08 14:10:30.969 25124  3957 I egui-showcase: egui_android_platform_android::system_bars::inner: set_transparent_system_bars: завершено
08-08 14:10:30.969 25124  3957 I egui-showcase: egui_android_platform_android::input_processing: DpiChanged: 3.25
08-08 14:10:31.021 25124  3957 D egui-showcase: egui_glow::painter: 
08-08 14:10:31.021 25124  3957 D egui-showcase: opengl version: OpenGL ES 3.2 V@0800.71 (GIT@208ca19915, Iab05a79315, 1770369230) (Date:02/06/26)
08-08 14:10:31.021 25124  3957 D egui-showcase: opengl renderer: Adreno (TM) 825
08-08 14:10:31.021 25124  3957 D egui-showcase: opengl vendor: Qualcomm
08-08 14:10:31.021 25124  3957 D egui-showcase: egui_glow::shader_version: Shader version: Es300 ("OpenGL ES GLSL ES 3.20").
08-08 14:10:31.021 25124  3957 D egui-showcase: egui_glow::painter: Shader header: "#version 300 es\n".
08-08 14:10:31.021 25124  3957 D egui-showcase: egui_glow::painter: SRGB framebuffer Support: false
08-08 14:10:31.023 25124  3957 D egui-showcase: egui_glow::vao: GL version: "OpenGL ES 3.2 V@0800.71 (GIT@208ca19915, Iab05a79315, 1770369230) (Date:02/06/26)".
08-08 14:10:31.025 25124  3957 I egui-showcase: egui_android_platform_android::graphics: graphics: инициализируем RuntimeContext
08-08 14:10:31.125 25124  3957 I egui-showcase: egui_android_platform_android::r#loop: LOOP: frame() вернулся
08-08 14:10:31.125 25124  3957 I egui-showcase: egui_android_platform_android::r#loop: LOOP: repaint_delay = 0ns (had_events=true, had_notify=false, событий в кадре=0)
08-08 14:10:31.126 25124  3957 I egui-showcase: egui_android_platform_android::system_bars::inner: apply_system_bars_color_jni: caller=             at ./rustc/59807616e1fa2540724bfbac14d7976d7e4a3860/library/std/src/../../backtrace/src/backtrace/mod.rs:66:14 theme=Light
08-08 14:10:31.130 25124  3957 I egui-showcase: egui_android_platform_android::log: apply_system_bars_color_jni: setSystemBarsAppearance appearance=0x18 mask=0x18
08-08 14:10:31.130 25124  3957 I egui-showcase: egui_android_platform_android::r#loop: LOOP: render_frame begin (w=1280 h=2772)
08-08 14:10:31.130 25124  3957 I egui-showcase: egui_android_platform_android::graphics: render_frame: GL setup done
08-08 14:10:31.130 25124  3957 I egui-showcase: egui_android_platform_android::graphics: render_frame: tessellate done, primitives=11
08-08 14:10:31.134 25124  3957 I egui-showcase: egui_android_platform_android::graphics: render_frame: paint done
08-08 14:10:31.134 25124  3957 I egui-showcase: egui_android_platform_android::egl_backend: EglState: swap_buffers begin
08-08 14:10:31.136 25124  3957 I egui-showcase: egui_android_platform_android::egl_backend: EglState: swap_buffers end
08-08 14:10:31.137 25124  3957 I egui-showcase: egui_android_platform_android::r#loop: LOOP: render_frame end success=true
08-08 14:10:31.138 25124  3957 I egui-showcase: egui_android_platform_android::r#loop: LOOP: frame() вернулся
08-08 14:10:31.138 25124  3957 I egui-showcase: egui_android_platform_android::r#loop: LOOP: repaint_delay = 18446744073709551615.999999999s (had_events=false, had_notify=false, событий в кадре=0)
08-08 14:10:31.138 25124  3957 I egui-showcase: egui_android_platform_android::r#loop: LOOP: render_frame begin (w=1280 h=2772)
08-08 14:10:31.139 25124  3957 I egui-showcase: egui_android_platform_android::graphics: render_frame: GL setup done
08-08 14:10:31.139 25124  3957 I egui-showcase: egui_android_platform_android::graphics: render_frame: tessellate done, primitives=11
08-08 14:10:31.139 25124  3957 I egui-showcase: egui_android_platform_android::graphics: render_frame: paint done
08-08 14:10:31.139 25124  3957 I egui-showcase: egui_android_platform_android::egl_backend: EglState: swap_buffers begin
08-08 14:10:31.140 25124  3957 I egui-showcase: egui_android_platform_android::egl_backend: EglState: swap_buffers end
08-08 14:10:31.140 25124  3957 I egui-showcase: egui_android_platform_android::r#loop: LOOP: render_frame end success=true
08-08 14:12:49.484 25124  3957 D egui-showcase: android_activity::activity_impl: Notifying Input Available
08-08 14:12:49.486 25124  3957 I egui-showcase: egui_android_platform_android::r#loop: LOOP: frame() вернулся
08-08 14:12:49.486 25124  3957 I egui-showcase: egui_android_platform_android::r#loop: LOOP: repaint_delay = 0ns (had_events=true, had_notify=false, событий в кадре=2)
08-08 14:12:49.486 25124  3957 I egui-showcase: egui_android_platform_android::r#loop: LOOP: render_frame begin (w=1280 h=2772)
08-08 14:12:49.487 25124  3957 I egui-showcase: egui_android_platform_android::graphics: render_frame: GL setup done
08-08 14:12:49.487 25124  3957 I egui-showcase: egui_android_platform_android::graphics: render_frame: tessellate done, primitives=11
08-08 14:12:49.487 25124  3957 I egui-showcase: egui_android_platform_android::graphics: render_frame: paint done
08-08 14:12:49.487 25124  3957 I egui-showcase: egui_android_platform_android::egl_backend: EglState: swap_buffers begin
08-08 14:12:49.489 25124  3957 I egui-showcase: egui_android_platform_android::egl_backend: EglState: swap_buffers end
08-08 14:12:49.489 25124  3957 I egui-showcase: egui_android_platform_android::r#loop: LOOP: render_frame end success=true
08-08 14:12:49.502 25124  3957 I egui-showcase: egui_android_platform_android::r#loop: LOOP: frame() вернулся
08-08 14:12:49.502 25124  3957 I egui-showcase: egui_android_platform_android::r#loop: LOOP: repaint_delay = 0ns (had_events=false, had_notify=false, событий в кадре=0)
08-08 14:12:49.502 25124  3957 I egui-showcase: egui_android_platform_android::r#loop: LOOP: render_frame begin (w=1280 h=2772)
08-08 14:12:49.502 25124  3957 I egui-showcase: egui_android_platform_android::graphics: render_frame: GL setup done
08-08 14:12:49.502 25124  3957 I egui-showcase: egui_android_platform_android::graphics: render_frame: tessellate done, primitives=11
08-08 14:12:49.502 25124  3957 I egui-showcase: egui_android_platform_android::graphics: render_frame: paint done
08-08 14:12:49.502 25124  3957 I egui-showcase: egui_android_platform_android::egl_backend: EglState: swap_buffers begin
08-08 14:12:49.503 25124  3957 I egui-showcase: egui_android_platform_android::egl_backend: EglState: swap_buffers end
08-08 14:12:49.503 25124  3957 I egui-showcase: egui_android_platform_android::r#loop: LOOP: render_frame end success=true
08-08 14:12:49.515 25124  3957 I egui-showcase: egui_android_platform_android::r#loop: LOOP: frame() вернулся
08-08 14:12:49.515 25124  3957 I egui-showcase: egui_android_platform_android::r#loop: LOOP: repaint_delay = 0ns (had_events=true, had_notify=false, событий в кадре=2)
08-08 14:12:49.515 25124  3957 I egui-showcase: egui_android_platform_android::r#loop: LOOP: render_frame begin (w=1280 h=2772)
08-08 14:12:49.515 25124  3957 I egui-showcase: egui_android_platform_android::graphics: render_frame: GL setup done
08-08 14:12:49.516 25124  3957 I egui-showcase: egui_android_platform_android::graphics: render_frame: tessellate done, primitives=11
08-08 14:12:49.516 25124  3957 I egui-showcase: egui_android_platform_android::graphics: render_frame: paint done
08-08 14:12:49.516 25124  3957 I egui-showcase: egui_android_platform_android::egl_backend: EglState: swap_buffers begin
08-08 14:12:49.516 25124  3957 I egui-showcase: egui_android_platform_android::egl_backend: EglState: swap_buffers end
08-08 14:12:49.516 25124  3957 I egui-showcase: egui_android_platform_android::r#loop: LOOP: render_frame end success=true
08-08 14:12:49.571 25124  3957 I egui-showcase: egui_android_ui::widgets::text_edit: [TextEdit] render end
08-08 14:12:49.579 25124  3957 I egui-showcase: egui_android_ui::widgets::text_edit: [TextEdit] render end
08-08 14:12:49.600 25124  3957 I egui-showcase: egui_android_ui::widgets::text_edit: [TextEdit] render end
08-08 14:12:49.615 25124  3957 I egui-showcase: egui_android_ui::widgets::text_edit: [TextEdit] render end
08-08 14:12:49.622 25124  3957 I egui-showcase: egui_android_ui::widgets::text_edit: [TextEdit] render end
08-08 14:12:49.645 25124  3957 I egui-showcase: egui_android_platform_android::r#loop: LOOP: frame() вернулся
08-08 14:12:49.645 25124  3957 I egui-showcase: egui_android_platform_android::r#loop: LOOP: repaint_delay = 0ns (had_events=false, had_notify=false, событий в кадре=0)
08-08 14:12:49.645 25124  3957 I egui-showcase: egui_android_platform_android::r#loop: LOOP: render_frame begin (w=1280 h=2772)
08-08 14:12:49.645 25124  3957 I egui-showcase: egui_android_platform_android::graphics: render_frame: GL setup done
08-08 14:12:49.645 25124  3957 I egui-showcase: egui_android_platform_android::graphics: render_frame: tessellate done, primitives=17
08-08 14:12:49.647 25124  3957 I egui-showcase: egui_android_platform_android::graphics: render_frame: paint done
08-08 14:12:49.647 25124  3957 I egui-showcase: egui_android_platform_android::egl_backend: EglState: swap_buffers begin
08-08 14:12:49.647 25124  3957 I egui-showcase: egui_android_platform_android::egl_backend: EglState: swap_buffers end
08-08 14:12:49.647 25124  3957 I egui-showcase: egui_android_platform_android::r#loop: LOOP: render_frame end success=true
08-08 14:12:49.648 25124  3957 I egui-showcase: egui_android_ui::widgets::text_edit: [TextEdit] render end
08-08 14:12:49.648 25124  3957 I egui-showcase: egui_android_ui::widgets::text_edit: [TextEdit] render end
08-08 14:12:49.648 25124  3957 I egui-showcase: egui_android_ui::widgets::text_edit: [TextEdit] render end
08-08 14:12:49.648 25124  3957 I egui-showcase: egui_android_ui::widgets::text_edit: [TextEdit] render end
08-08 14:12:49.648 25124  3957 I egui-showcase: egui_android_ui::widgets::text_edit: [TextEdit] render end
08-08 14:12:49.649 25124  3957 I egui-showcase: egui_android_platform_android::r#loop: LOOP: frame() вернулся
08-08 14:12:49.649 25124  3957 I egui-showcase: egui_android_platform_android::r#loop: LOOP: repaint_delay = 18446744073709551615.999999999s (had_events=false, had_notify=false, событий в кадре=0)
08-08 14:12:49.649 25124  3957 I egui-showcase: egui_android_platform_android::r#loop: LOOP: render_frame begin (w=1280 h=2772)
08-08 14:12:49.652 25124  3957 I egui-showcase: egui_android_platform_android::graphics: render_frame: GL setup done
08-08 14:12:49.652 25124  3957 I egui-showcase: egui_android_platform_android::graphics: render_frame: tessellate done, primitives=17
08-08 14:12:49.652 25124  3957 I egui-showcase: egui_android_platform_android::graphics: render_frame: paint done
08-08 14:12:49.652 25124  3957 I egui-showcase: egui_android_platform_android::egl_backend: EglState: swap_buffers begin
08-08 14:12:49.655 25124  3957 I egui-showcase: egui_android_platform_android::egl_backend: EglState: swap_buffers end
08-08 14:12:49.655 25124  3957 I egui-showcase: egui_android_platform_android::r#loop: LOOP: render_frame end success=true
08-08 14:12:53.216 25124  3957 D egui-showcase: android_activity::activity_impl: Notifying Input Available
08-08 14:12:53.217 25124  3957 I egui-showcase: egui_android_ui::widgets::text_edit: [TextEdit] render end
08-08 14:12:53.217 25124  3957 I egui-showcase: egui_android_ui::widgets::text_edit: [TextEdit] render end
08-08 14:12:53.218 25124  3957 I egui-showcase: egui_android_ui::widgets::text_edit: [TextEdit] render end
08-08 14:12:53.218 25124  3957 I egui-showcase: egui_android_ui::widgets::text_edit: [TextEdit] render end
08-08 14:12:53.218 25124  3957 I egui-showcase: egui_android_ui::widgets::text_edit: [TextEdit] render end
08-08 14:12:53.219 25124  3957 I egui-showcase: egui_android_platform_android::r#loop: LOOP: frame() вернулся
08-08 14:12:53.219 25124  3957 I egui-showcase: egui_android_platform_android::r#loop: LOOP: repaint_delay = 0ns (had_events=true, had_notify=false, событий в кадре=2)
08-08 14:12:53.219 25124  3957 I egui-showcase: egui_android_platform_android::r#loop: LOOP: render_frame begin (w=1280 h=2772)
08-08 14:12:53.219 25124  3957 I egui-showcase: egui_android_platform_android::graphics: render_frame: GL setup done
08-08 14:12:53.220 25124  3957 I egui-showcase: egui_android_platform_android::graphics: render_frame: tessellate done, primitives=17
08-08 14:12:53.220 25124  3957 I egui-showcase: egui_android_platform_android::graphics: render_frame: paint done
08-08 14:12:53.220 25124  3957 I egui-showcase: egui_android_platform_android::egl_backend: EglState: swap_buffers begin
08-08 14:12:53.222 25124  3957 I egui-showcase: egui_android_platform_android::egl_backend: EglState: swap_buffers end
08-08 14:12:53.222 25124  3957 I egui-showcase: egui_android_platform_android::r#loop: LOOP: render_frame end success=true
08-08 14:12:53.233 25124  3957 I egui-showcase: egui_android_ui::widgets::text_edit: [TextEdit] render end
08-08 14:12:53.233 25124  3957 I egui-showcase: egui_android_ui::widgets::text_edit: [TextEdit] render end
08-08 14:12:53.234 25124  3957 I egui-showcase: egui_android_ui::widgets::text_edit: [TextEdit] render end
08-08 14:12:53.234 25124  3957 I egui-showcase: egui_android_ui::widgets::text_edit: [TextEdit] render end
08-08 14:12:53.234 25124  3957 I egui-showcase: egui_android_ui::widgets::text_edit: [TextEdit] render end
08-08 14:12:53.234 25124  3957 I egui-showcase: egui_android_platform_android::r#loop: LOOP: frame() вернулся
08-08 14:12:53.234 25124  3957 I egui-showcase: egui_android_platform_android::r#loop: LOOP: repaint_delay = 0ns (had_events=false, had_notify=false, событий в кадре=0)
08-08 14:12:53.234 25124  3957 I egui-showcase: egui_android_platform_android::r#loop: LOOP: render_frame begin (w=1280 h=2772)
08-08 14:12:53.235 25124  3957 I egui-showcase: egui_android_platform_android::graphics: render_frame: GL setup done
08-08 14:12:53.235 25124  3957 I egui-showcase: egui_android_platform_android::graphics: render_frame: tessellate done, primitives=17
08-08 14:12:53.235 25124  3957 I egui-showcase: egui_android_platform_android::graphics: render_frame: paint done
08-08 14:12:53.235 25124  3957 I egui-showcase: egui_android_platform_android::egl_backend: EglState: swap_buffers begin
08-08 14:12:53.235 25124  3957 I egui-showcase: egui_android_platform_android::egl_backend: EglState: swap_buffers end
08-08 14:12:53.235 25124  3957 I egui-showcase: egui_android_platform_android::r#loop: LOOP: render_frame end success=true
08-08 14:12:53.250 25124  3957 I egui-showcase: egui_android_ui::widgets::text_edit: [TextEdit] render end
08-08 14:12:53.250 25124  3957 I egui-showcase: egui_android_ui::widgets::text_edit: [TextEdit] render end
08-08 14:12:53.250 25124  3957 I egui-showcase: egui_android_ui::widgets::text_edit: [TextEdit] render end
08-08 14:12:53.250 25124  3957 I egui-showcase: egui_android_ui::widgets::text_edit: [TextEdit] render end
08-08 14:12:53.251 25124  3957 I egui-showcase: egui_android_ui::widgets::text_edit: [TextEdit] render end
08-08 14:12:53.251 25124  3957 I egui-showcase: egui_android_platform_android::r#loop: LOOP: frame() вернулся
08-08 14:12:53.251 25124  3957 I egui-showcase: egui_android_platform_android::r#loop: LOOP: repaint_delay = 750.011236ms (had_events=false, had_notify=false, событий в кадре=0)
08-08 14:12:53.251 25124  3957 I egui-showcase: egui_android_platform_android::r#loop: LOOP: render_frame begin (w=1280 h=2772)
08-08 14:12:53.251 25124  3957 I egui-showcase: egui_android_platform_android::graphics: render_frame: GL setup done
08-08 14:12:53.252 25124  3957 I egui-showcase: egui_android_platform_android::graphics: render_frame: tessellate done, primitives=17
08-08 14:12:53.252 25124  3957 I egui-showcase: egui_android_platform_android::graphics: render_frame: paint done
08-08 14:12:53.252 25124  3957 I egui-showcase: egui_android_platform_android::egl_backend: EglState: swap_buffers begin
08-08 14:12:53.252 25124  3957 I egui-showcase: egui_android_platform_android::egl_backend: EglState: swap_buffers end
08-08 14:12:53.252 25124  3957 I egui-showcase: egui_android_platform_android::r#loop: LOOP: render_frame end success=true
08-08 14:12:53.271 25124  3957 D egui-showcase: android_activity::activity_impl: Notifying Input Available
08-08 14:12:53.272 25124  3957 I egui-showcase: egui_android_ui::widgets::text_edit: [TextEdit] id=Id::new(3503992919194884473) has_focus=true gained=true lost=false changed=false buffer=""
08-08 14:12:53.272 25124  3957 I egui-showcase: egui_android_ui::widgets::text_edit: [TextEdit] set_options enter
08-08 14:12:53.272 25124  3957 I egui-showcase: egui_android_platform_android::ime_jni: LOOP-JNI: set_ime_options enter (0x21, 0x10000006)
08-08 14:12:53.273 25124  3957 I egui-showcase: egui_android_platform_android::ime_jni: LOOP-JNI: set_ime_options exit
08-08 14:12:53.273 25124  3957 I egui-showcase: egui_android_ui::widgets::text_edit: [TextEdit] set_options exit
08-08 14:12:53.273 25124  3957 I egui-showcase: egui_android_ui::widgets::text_edit: [TextEdit] publish_editor_state enter Id::new(3503992919194884473)
08-08 14:12:53.273 25124  3957 I egui-showcase: egui_android_ui::widgets::text_edit: [TextEdit] publish_editor_state exit Id::new(3503992919194884473)
08-08 14:12:53.273 25124  3957 I egui-showcase: egui_android_platform_android::run: KeyboardController.show(): запрошено (управляет loop по platform_output.ime)
08-08 14:12:53.273 25124  3957 I egui-showcase: egui_android_ui::widgets::text_edit: [TextEdit] render end
08-08 14:12:53.274 25124 25124 I EguiActivity: setImeOptions: imeOptions=268435462 inputType=33
08-08 14:12:53.274 25124  3957 I egui-showcase: egui_android_ui::widgets::text_edit: [TextEdit] render end
08-08 14:12:53.275 25124  3957 I egui-showcase: egui_android_ui::widgets::text_edit: [TextEdit] render end
08-08 14:12:53.275 25124  3957 I egui-showcase: egui_android_ui::widgets::text_edit: [TextEdit] render end
08-08 14:12:53.275 25124  3957 I egui-showcase: egui_android_ui::widgets::text_edit: [TextEdit] render end
08-08 14:12:53.275 25124  3957 I egui-showcase: egui_android_platform_android::r#loop: LOOP: frame() вернулся
08-08 14:12:53.275 25124  3957 I egui-showcase: egui_android_platform_android::r#loop: LOOP: repaint_delay = 0ns (had_events=true, had_notify=false, событий в кадре=2)
08-08 14:12:53.275 25124  3957 I egui-showcase: egui_android_platform_android::r#loop: LOOP: render_frame begin (w=1280 h=2772)
08-08 14:12:53.275 25124  3957 I egui-showcase: egui_android_platform_android::graphics: render_frame: GL setup done
08-08 14:12:53.276 25124  3957 I egui-showcase: egui_android_platform_android::graphics: render_frame: tessellate done, primitives=17
08-08 14:12:53.276 25124  3957 I egui-showcase: egui_android_platform_android::graphics: render_frame: paint done
08-08 14:12:53.276 25124  3957 I egui-showcase: egui_android_platform_android::egl_backend: EglState: swap_buffers begin
08-08 14:12:53.277 25124  3957 I egui-showcase: egui_android_platform_android::egl_backend: EglState: swap_buffers end
08-08 14:12:53.277 25124  3957 I egui-showcase: egui_android_platform_android::r#loop: LOOP: render_frame end success=true
08-08 14:12:53.288 25124  3957 I egui-showcase: egui_android_ui::widgets::text_edit: [TextEdit] publish_editor_state enter Id::new(3503992919194884473)
08-08 14:12:53.288 25124  3957 I egui-showcase: egui_android_ui::widgets::text_edit: [TextEdit] publish_editor_state exit Id::new(3503992919194884473)
08-08 14:12:53.288 25124  3957 I egui-showcase: egui_android_ui::widgets::text_edit: [TextEdit] render end
08-08 14:12:53.288 25124  3957 I egui-showcase: egui_android_ui::widgets::text_edit: [TextEdit] render end
08-08 14:12:53.288 25124  3957 I egui-showcase: egui_android_ui::widgets::text_edit: [TextEdit] render end
08-08 14:12:53.288 25124  3957 I egui-showcase: egui_android_ui::widgets::text_edit: [TextEdit] render end
08-08 14:12:53.289 25124  3957 I egui-showcase: egui_android_ui::widgets::text_edit: [TextEdit] render end
08-08 14:12:53.289 25124  3957 I egui-showcase: egui_android_platform_android::r#loop: LOOP: frame() вернулся
08-08 14:12:53.289 25124  3957 I egui-showcase: egui_android_platform_android::r#loop: LOOP: ime активна — показать клавиатуру (EguiImeView)
08-08 14:12:53.289 25124  3957 I egui-showcase: egui_android_platform_android::ime_jni: LOOP-JNI: show_soft_input enter
08-08 14:12:53.290 25124  3957 I egui-showcase: Kotlin: showSoftInputForIme begin
08-08 14:12:53.290 25124  3957 I egui-showcase: Kotlin: showSoftInputForIme scheduled
08-08 14:12:53.290 25124  3957 I egui-showcase: egui_android_platform_android::ime_jni: LOOP-JNI: show_soft_input exit
08-08 14:12:53.290 25124  3957 I egui-showcase: egui_android_platform_android::ime_jni: LOOP-JNI: update_cursor_rect enter [54,528,63,587]
08-08 14:12:53.290 25124  3957 I EguiActivity: updateCursorRect: [54, 528, 63, 587]
08-08 14:12:53.290 25124  3957 I egui-showcase: egui_android_platform_android::ime_jni: LOOP-JNI: update_cursor_rect exit
08-08 14:12:53.290 25124  3957 I egui-showcase: egui_android_platform_android::r#loop: LOOP: repaint_delay = 0ns (had_events=false, had_notify=false, событий в кадре=0)
08-08 14:12:53.290 25124  3957 I egui-showcase: egui_android_platform_android::r#loop: LOOP: render_frame begin (w=1280 h=2772)
08-08 14:12:53.291 25124  3957 I egui-showcase: egui_android_platform_android::graphics: render_frame: GL setup done
08-08 14:12:53.291 25124  3957 I egui-showcase: egui_android_platform_android::graphics: render_frame: tessellate done, primitives=18
08-08 14:12:53.291 25124  3957 I egui-showcase: egui_android_platform_android::graphics: render_frame: paint done
08-08 14:12:53.291 25124  3957 I egui-showcase: egui_android_platform_android::egl_backend: EglState: swap_buffers begin
08-08 14:12:53.292 25124  3957 I egui-showcase: egui_android_platform_android::egl_backend: EglState: swap_buffers end
08-08 14:12:53.292 25124  3957 I egui-showcase: egui_android_platform_android::r#loop: LOOP: render_frame end success=true
08-08 14:12:53.296 25124 25124 I egui-showcase: Kotlin: showSoftInput end okFocus=true okShow=true
08-08 14:12:53.305 25124  3957 I egui-showcase: egui_android_ui::widgets::text_edit: [TextEdit] publish_editor_state enter Id::new(3503992919194884473)
08-08 14:12:53.305 25124  3957 I egui-showcase: egui_android_ui::widgets::text_edit: [TextEdit] publish_editor_state exit Id::new(3503992919194884473)
08-08 14:12:53.305 25124  3957 I egui-showcase: egui_android_ui::widgets::text_edit: [TextEdit] render end
08-08 14:12:53.305 25124  3957 I egui-showcase: egui_android_ui::widgets::text_edit: [TextEdit] render end
08-08 14:12:53.305 25124  3957 I egui-showcase: egui_android_ui::widgets::text_edit: [TextEdit] render end
08-08 14:12:53.305 25124  3957 I egui-showcase: egui_android_ui::widgets::text_edit: [TextEdit] render end
08-08 14:12:53.305 25124  3957 I egui-showcase: egui_android_ui::widgets::text_edit: [TextEdit] render end
08-08 14:12:53.306 25124  3957 I egui-showcase: egui_android_platform_android::r#loop: LOOP: frame() вернулся
08-08 14:12:53.306 25124  3957 I egui-showcase: egui_android_platform_android::ime_jni: LOOP-JNI: update_cursor_rect enter [54,528,63,587]
08-08 14:12:53.306 25124  3957 I EguiActivity: updateCursorRect: [54, 528, 63, 587]
08-08 14:12:53.306 25124  3957 I egui-showcase: egui_android_platform_android::ime_jni: LOOP-JNI: update_cursor_rect exit
08-08 14:12:53.306 25124  3957 I egui-showcase: egui_android_platform_android::r#loop: LOOP: repaint_delay = 450.026972ms (had_events=false, had_notify=false, событий в кадре=0)
08-08 14:12:53.306 25124  3957 I egui-showcase: egui_android_platform_android::r#loop: LOOP: render_frame begin (w=1280 h=2772)
08-08 14:12:53.306 25124  3957 I egui-showcase: egui_android_platform_android::graphics: render_frame: GL setup done
08-08 14:12:53.306 25124  3957 I egui-showcase: egui_android_platform_android::graphics: render_frame: tessellate done, primitives=18
08-08 14:12:53.306 25124  3957 I egui-showcase: egui_android_platform_android::graphics: render_frame: paint done
08-08 14:12:53.306 25124  3957 I egui-showcase: egui_android_platform_android::egl_backend: EglState: swap_buffers begin
08-08 14:12:53.307 25124  3957 I egui-showcase: egui_android_platform_android::egl_backend: EglState: swap_buffers end
08-08 14:12:53.307 25124  3957 I egui-showcase: egui_android_platform_android::r#loop: LOOP: render_frame end success=true
08-08 14:12:53.309 25124 25124 I egui-showcase: egui_android_platform_android::ime_jni: IME-JNI: nativeGetTextBeforeCursor enter (thread=<no-name>)
08-08 14:12:53.309 25124 25124 I egui-showcase: egui_android_platform_android::ime_jni: IME-EDIT: current_editor_state enter (thread=<no-name>)
08-08 14:12:53.309 25124 25124 I egui-showcase: egui_android_platform_android::ime_jni: IME-EDIT: current_editor_state exit -> true
08-08 14:12:53.310 25124 25124 I egui-showcase: egui_android_platform_android::ime_jni: IME-EDIT: current_editor_state enter (thread=<no-name>)
08-08 14:12:53.310 25124 25124 I egui-showcase: egui_android_platform_android::ime_jni: IME-EDIT: current_editor_state exit -> true
08-08 14:12:53.310 25124 25124 I egui-showcase: egui_android_platform_android::ime_jni: IME-EDIT: current_editor_state enter (thread=<no-name>)
08-08 14:12:53.310 25124 25124 I egui-showcase: egui_android_platform_android::ime_jni: IME-EDIT: current_editor_state exit -> true
08-08 14:12:53.314 25124 25124 I EguiImeView: finishComposingText: '' (thread=main)
08-08 14:12:53.369 25124  3957 I egui-showcase: egui_android_ui::widgets::text_edit: [TextEdit] publish_editor_state enter Id::new(3503992919194884473)
08-08 14:12:53.369 25124  3957 I egui-showcase: egui_android_ui::widgets::text_edit: [TextEdit] publish_editor_state exit Id::new(3503992919194884473)
08-08 14:12:53.369 25124  3957 I egui-showcase: egui_android_ui::widgets::text_edit: [TextEdit] render end
08-08 14:12:53.370 25124  3957 I egui-showcase: egui_android_ui::widgets::text_edit: [TextEdit] render end
08-08 14:12:53.371 25124  3957 I egui-showcase: egui_android_ui::widgets::text_edit: [TextEdit] render end
08-08 14:12:53.371 25124  3957 I egui-showcase: egui_android_ui::widgets::text_edit: [TextEdit] render end
08-08 14:12:53.371 25124  3957 I egui-showcase: egui_android_ui::widgets::text_edit: [TextEdit] render end
08-08 14:12:53.371 25124  3957 I egui-showcase: egui_android_platform_android::r#loop: LOOP: frame() вернулся
08-08 14:12:53.371 25124  3957 I egui-showcase: egui_android_platform_android::ime_jni: LOOP-JNI: update_cursor_rect enter [54,528,63,587]
08-08 14:12:53.372 25124  3957 I EguiActivity: updateCursorRect: [54, 528, 63, 587]
08-08 14:12:53.372 25124  3957 I egui-showcase: egui_android_platform_android::ime_jni: LOOP-JNI: update_cursor_rect exit
08-08 14:12:53.372 25124  3957 I egui-showcase: egui_android_platform_android::r#loop: LOOP: repaint_delay = 386.820299ms (had_events=false, had_notify=false, событий в кадре=0)
08-08 14:12:53.372 25124  3957 I egui-showcase: egui_android_platform_android::r#loop: LOOP: render_frame begin (w=1280 h=2772)
08-08 14:12:53.372 25124  3957 I egui-showcase: egui_android_platform_android::graphics: render_frame: GL setup done
08-08 14:12:53.372 25124  3957 I egui-showcase: egui_android_platform_android::graphics: render_frame: tessellate done, primitives=18
08-08 14:12:53.372 25124  3957 I egui-showcase: egui_android_platform_android::graphics: render_frame: paint done
08-08 14:12:53.372 25124  3957 I egui-showcase: egui_android_platform_android::egl_backend: EglState: swap_buffers begin
08-08 14:12:53.372 25124  3957 I egui-showcase: egui_android_platform_android::egl_backend: EglState: swap_buffers end
08-08 14:12:53.373 25124  3957 I egui-showcase: egui_android_platform_android::r#loop: LOOP: render_frame end success=true
08-08 14:12:53.760 25124  3957 I egui-showcase: egui_android_ui::widgets::text_edit: [TextEdit] publish_editor_state enter Id::new(3503992919194884473)
08-08 14:12:53.760 25124  3957 I egui-showcase: egui_android_ui::widgets::text_edit: [TextEdit] publish_editor_state exit Id::new(3503992919194884473)
08-08 14:12:53.761 25124  3957 I egui-showcase: egui_android_ui::widgets::text_edit: [TextEdit] render end
08-08 14:12:53.761 25124  3957 I egui-showcase: egui_android_ui::widgets::text_edit: [TextEdit] render end
08-08 14:12:53.761 25124  3957 I egui-showcase: egui_android_ui::widgets::text_edit: [TextEdit] render end
08-08 14:12:53.761 25124  3957 I egui-showcase: egui_android_ui::widgets::text_edit: [TextEdit] render end
08-08 14:12:53.762 25124  3957 I egui-showcase: egui_android_ui::widgets::text_edit: [TextEdit] render end
08-08 14:12:53.763 25124  3957 I egui-showcase: egui_android_platform_android::r#loop: LOOP: frame() вернулся
08-08 14:12:53.763 25124  3957 I egui-showcase: egui_android_platform_android::ime_jni: LOOP-JNI: update_cursor_rect enter [54,528,63,587]
08-08 14:12:53.763 25124  3957 I EguiActivity: updateCursorRect: [54, 528, 63, 587]
08-08 14:12:53.763 25124  3957 I egui-showcase: egui_android_platform_android::ime_jni: LOOP-JNI: update_cursor_rect exit
08-08 14:12:53.763 25124  3957 I egui-showcase: egui_android_platform_android::r#loop: LOOP: repaint_delay = 0ns (had_events=false, had_notify=false, событий в кадре=0)
08-08 14:12:53.763 25124  3957 I egui-showcase: egui_android_platform_android::r#loop: LOOP: render_frame begin (w=1280 h=2772)
08-08 14:12:53.763 25124  3957 I egui-showcase: egui_android_platform_android::graphics: render_frame: GL setup done
08-08 14:12:53.764 25124  3957 I egui-showcase: egui_android_platform_android::graphics: render_frame: tessellate done, primitives=18
08-08 14:12:53.764 25124  3957 I egui-showcase: egui_android_platform_android::graphics: render_frame: paint done
08-08 14:12:53.764 25124  3957 I egui-showcase: egui_android_platform_android::egl_backend: EglState: swap_buffers begin
08-08 14:12:53.765 25124  3957 I egui-showcase: egui_android_platform_android::egl_backend: EglState: swap_buffers end
08-08 14:12:53.765 25124  3957 I egui-showcase: egui_android_platform_android::r#loop: LOOP: render_frame end success=true
08-08 14:12:53.776 25124  3957 I egui-showcase: egui_android_ui::widgets::text_edit: [TextEdit] publish_editor_state enter Id::new(3503992919194884473)
08-08 14:12:53.777 25124  3957 I egui-showcase: egui_android_ui::widgets::text_edit: [TextEdit] publish_editor_state exit Id::new(3503992919194884473)
08-08 14:12:53.777 25124  3957 I egui-showcase: egui_android_ui::widgets::text_edit: [TextEdit] render end
08-08 14:12:53.777 25124  3957 I egui-showcase: egui_android_ui::widgets::text_edit: [TextEdit] render end
08-08 14:12:53.777 25124  3957 I egui-showcase: egui_android_ui::widgets::text_edit: [TextEdit] render end
08-08 14:12:53.777 25124  3957 I egui-showcase: egui_android_ui::widgets::text_edit: [TextEdit] render end
08-08 14:12:53.777 25124  3957 I egui-showcase: egui_android_ui::widgets::text_edit: [TextEdit] render end
08-08 14:12:53.777 25124  3957 I egui-showcase: egui_android_platform_android::r#loop: LOOP: frame() вернулся
08-08 14:12:53.777 25124  3957 I egui-showcase: egui_android_platform_android::ime_jni: LOOP-JNI: update_cursor_rect enter [54,528,63,587]
08-08 14:12:53.778 25124  3957 I EguiActivity: updateCursorRect: [54, 528, 63, 587]
08-08 14:12:53.778 25124  3957 I egui-showcase: egui_android_platform_android::ime_jni: LOOP-JNI: update_cursor_rect exit
08-08 14:12:53.778 25124  3957 I egui-showcase: egui_android_platform_android::r#loop: LOOP: repaint_delay = 478.267652ms (had_events=false, had_notify=false, событий в кадре=0)
08-08 14:12:53.778 25124  3957 I egui-showcase: egui_android_platform_android::r#loop: LOOP: render_frame begin (w=1280 h=2772)
08-08 14:12:53.778 25124  3957 I egui-showcase: egui_android_platform_android::graphics: render_frame: GL setup done
08-08 14:12:53.778 25124  3957 I egui-showcase: egui_android_platform_android::graphics: render_frame: tessellate done, primitives=17
08-08 14:12:53.778 25124  3957 I egui-showcase: egui_android_platform_android::graphics: render_frame: paint done
08-08 14:12:53.778 25124  3957 I egui-showcase: egui_android_platform_android::egl_backend: EglState: swap_buffers begin
08-08 14:12:53.779 25124  3957 I egui-showcase: egui_android_platform_android::egl_backend: EglState: swap_buffers end
08-08 14:12:53.779 25124  3957 I egui-showcase: egui_android_platform_android::r#loop: LOOP: render_frame end success=true
08-08 14:12:54.259 25124  3957 I egui-showcase: egui_android_ui::widgets::text_edit: [TextEdit] publish_editor_state enter Id::new(3503992919194884473)
08-08 14:12:54.259 25124  3957 I egui-showcase: egui_android_ui::widgets::text_edit: [TextEdit] publish_editor_state exit Id::new(3503992919194884473)
08-08 14:12:54.259 25124  3957 I egui-showcase: egui_android_ui::widgets::text_edit: [TextEdit] render end
08-08 14:12:54.260 25124  3957 I egui-showcase: egui_android_ui::widgets::text_edit: [TextEdit] render end
08-08 14:12:54.260 25124  3957 I egui-showcase: egui_android_ui::widgets::text_edit: [TextEdit] render end
08-08 14:12:54.260 25124  3957 I egui-showcase: egui_android_ui::widgets::text_edit: [TextEdit] render end
08-08 14:12:54.261 25124  3957 I egui-showcase: egui_android_ui::widgets::text_edit: [TextEdit] render end
08-08 14:12:54.262 25124  3957 I egui-showcase: egui_android_platform_android::r#loop: LOOP: frame() вернулся
08-08 14:12:54.262 25124  3957 I egui-showcase: egui_android_platform_android::ime_jni: LOOP-JNI: update_cursor_rect enter [54,528,63,587]
08-08 14:12:54.262 25124  3957 I EguiActivity: updateCursorRect: [54, 528, 63, 587]
08-08 14:12:54.262 25124  3957 I egui-showcase: egui_android_platform_android::ime_jni: LOOP-JNI: update_cursor_rect exit
08-08 14:12:54.262 25124  3957 I egui-showcase: egui_android_platform_android::r#loop: LOOP: repaint_delay = 0ns (had_events=false, had_notify=false, событий в кадре=0)
08-08 14:12:54.262 25124  3957 I egui-showcase: egui_android_platform_android::r#loop: LOOP: render_frame begin (w=1280 h=2772)
08-08 14:12:54.262 25124  3957 I egui-showcase: egui_android_platform_android::graphics: render_frame: GL setup done
08-08 14:12:54.263 25124  3957 I egui-showcase: egui_android_platform_android::graphics: render_frame: tessellate done, primitives=17
08-08 14:12:54.263 25124  3957 I egui-showcase: egui_android_platform_android::graphics: render_frame: paint done
08-08 14:12:54.263 25124  3957 I egui-showcase: egui_android_platform_android::egl_backend: EglState: swap_buffers begin
08-08 14:12:54.264 25124  3957 I egui-showcase: egui_android_platform_android::egl_backend: EglState: swap_buffers end
08-08 14:12:54.264 25124  3957 I egui-showcase: egui_android_platform_android::r#loop: LOOP: render_frame end success=true
08-08 14:12:54.275 25124  3957 I egui-showcase: egui_android_ui::widgets::text_edit: [TextEdit] publish_editor_state enter Id::new(3503992919194884473)
08-08 14:12:54.275 25124  3957 I egui-showcase: egui_android_ui::widgets::text_edit: [TextEdit] publish_editor_state exit Id::new(3503992919194884473)
08-08 14:12:54.275 25124  3957 I egui-showcase: egui_android_ui::widgets::text_edit: [TextEdit] render end
08-08 14:12:54.275 25124  3957 I egui-showcase: egui_android_ui::widgets::text_edit: [TextEdit] render end
08-08 14:12:54.276 25124  3957 I egui-showcase: egui_android_ui::widgets::text_edit: [TextEdit] render end
08-08 14:12:54.276 25124  3957 I egui-showcase: egui_android_ui::widgets::text_edit: [TextEdit] render end
08-08 14:12:54.276 25124  3957 I egui-showcase: egui_android_ui::widgets::text_edit: [TextEdit] render end
08-08 14:12:54.276 25124  3957 I egui-showcase: egui_android_platform_android::r#loop: LOOP: frame() вернулся
08-08 14:12:54.276 25124  3957 I egui-showcase: egui_android_platform_android::ime_jni: LOOP-JNI: update_cursor_rect enter [54,528,63,587]
08-08 14:12:54.276 25124  3957 I EguiActivity: updateCursorRect: [54, 528, 63, 587]
08-08 14:12:54.277 25124  3957 I egui-showcase: egui_android_platform_android::ime_jni: LOOP-JNI: update_cursor_rect exit
08-08 14:12:54.277 25124  3957 I egui-showcase: egui_android_platform_android::r#loop: LOOP: repaint_delay = 479.48621ms (had_events=false, had_notify=false, событий в кадре=0)
08-08 14:12:54.277 25124  3957 I egui-showcase: egui_android_platform_android::r#loop: LOOP: render_frame begin (w=1280 h=2772)
08-08 14:12:54.277 25124  3957 I egui-showcase: egui_android_platform_android::graphics: render_frame: GL setup done
08-08 14:12:54.277 25124  3957 I egui-showcase: egui_android_platform_android::graphics: render_frame: tessellate done, primitives=18
08-08 14:12:54.277 25124  3957 I egui-showcase: egui_android_platform_android::graphics: render_frame: paint done
08-08 14:12:54.277 25124  3957 I egui-showcase: egui_android_platform_android::egl_backend: EglState: swap_buffers begin
08-08 14:12:54.278 25124  3957 I egui-showcase: egui_android_platform_android::egl_backend: EglState: swap_buffers end
08-08 14:12:54.278 25124  3957 I egui-showcase: egui_android_platform_android::r#loop: LOOP: render_frame end success=true
08-08 14:12:54.761 25124  3957 I egui-showcase: egui_android_ui::widgets::text_edit: [TextEdit] publish_editor_state enter Id::new(3503992919194884473)
08-08 14:12:54.761 25124  3957 I egui-showcase: egui_android_ui::widgets::text_edit: [TextEdit] publish_editor_state exit Id::new(3503992919194884473)
08-08 14:12:54.761 25124  3957 I egui-showcase: egui_android_ui::widgets::text_edit: [TextEdit] render end
08-08 14:12:54.762 25124  3957 I egui-showcase: egui_android_ui::widgets::text_edit: [TextEdit] render end
08-08 14:12:54.762 25124  3957 I egui-showcase: egui_android_ui::widgets::text_edit: [TextEdit] render end
08-08 14:12:54.763 25124  3957 I egui-showcase: egui_android_ui::widgets::text_edit: [TextEdit] render end
08-08 14:12:54.763 25124  3957 I egui-showcase: egui_android_ui::widgets::text_edit: [TextEdit] render end
08-08 14:12:54.764 25124  3957 I egui-showcase: egui_android_platform_android::r#loop: LOOP: frame() вернулся
08-08 14:12:54.765 25124  3957 I egui-showcase: egui_android_platform_android::ime_jni: LOOP-JNI: update_cursor_rect enter [54,528,63,587]
08-08 14:12:54.765 25124  3957 I EguiActivity: updateCursorRect: [54, 528, 63, 587]
08-08 14:12:54.765 25124  3957 I egui-showcase: egui_android_platform_android::ime_jni: LOOP-JNI: update_cursor_rect exit
08-08 14:12:54.765 25124  3957 I egui-showcase: egui_android_platform_android::r#loop: LOOP: repaint_delay = 0ns (had_events=false, had_notify=false, событий в кадре=0)
08-08 14:12:54.765 25124  3957 I egui-showcase: egui_android_platform_android::r#loop: LOOP: render_frame begin (w=1280 h=2772)
08-08 14:12:54.765 25124  3957 I egui-showcase: egui_android_platform_android::graphics: render_frame: GL setup done
08-08 14:12:54.766 25124  3957 I egui-showcase: egui_android_platform_android::graphics: render_frame: tessellate done, primitives=18
08-08 14:12:54.766 25124  3957 I egui-showcase: egui_android_platform_android::graphics: render_frame: paint done
08-08 14:12:54.767 25124  3957 I egui-showcase: egui_android_platform_android::egl_backend: EglState: swap_buffers begin
08-08 14:12:54.768 25124  3957 I egui-showcase: egui_android_platform_android::egl_backend: EglState: swap_buffers end
08-08 14:12:54.768 25124  3957 I egui-showcase: egui_android_platform_android::r#loop: LOOP: render_frame end success=true
08-08 14:12:54.777 25124  3957 I egui-showcase: egui_android_ui::widgets::text_edit: [TextEdit] publish_editor_state enter Id::new(3503992919194884473)
08-08 14:12:54.777 25124  3957 I egui-showcase: egui_android_ui::widgets::text_edit: [TextEdit] publish_editor_state exit Id::new(3503992919194884473)
08-08 14:12:54.777 25124  3957 I egui-showcase: egui_android_ui::widgets::text_edit: [TextEdit] render end
08-08 14:12:54.777 25124  3957 I egui-showcase: egui_android_ui::widgets::text_edit: [TextEdit] render end
08-08 14:12:54.777 25124  3957 I egui-showcase: egui_android_ui::widgets::text_edit: [TextEdit] render end
08-08 14:12:54.777 25124  3957 I egui-showcase: egui_android_ui::widgets::text_edit: [TextEdit] render end
08-08 14:12:54.777 25124  3957 I egui-showcase: egui_android_ui::widgets::text_edit: [TextEdit] render end
08-08 14:12:54.778 25124  3957 I egui-showcase: egui_android_platform_android::r#loop: LOOP: frame() вернулся
08-08 14:12:54.778 25124  3957 I egui-showcase: egui_android_platform_android::ime_jni: LOOP-JNI: update_cursor_rect enter [54,528,63,587]
08-08 14:12:54.778 25124  3957 I EguiActivity: updateCursorRect: [54, 528, 63, 587]
08-08 14:12:54.778 25124  3957 I egui-showcase: egui_android_platform_android::ime_jni: LOOP-JNI: update_cursor_rect exit
08-08 14:12:54.778 25124  3957 I egui-showcase: egui_android_platform_android::r#loop: LOOP: repaint_delay = 477.887613ms (had_events=false, had_notify=false, событий в кадре=0)
08-08 14:12:54.778 25124  3957 I egui-showcase: egui_android_platform_android::r#loop: LOOP: render_frame begin (w=1280 h=2772)
08-08 14:12:54.778 25124  3957 I egui-showcase: egui_android_platform_android::graphics: render_frame: GL setup done
08-08 14:12:54.778 25124  3957 I egui-showcase: egui_android_platform_android::graphics: render_frame: tessellate done, primitives=17
08-08 14:12:54.778 25124  3957 I egui-showcase: egui_android_platform_android::graphics: render_frame: paint done
08-08 14:12:54.778 25124  3957 I egui-showcase: egui_android_platform_android::egl_backend: EglState: swap_buffers begin
08-08 14:12:54.779 25124  3957 I egui-showcase: egui_android_platform_android::egl_backend: EglState: swap_buffers end
08-08 14:12:54.779 25124  3957 I egui-showcase: egui_android_platform_android::r#loop: LOOP: render_frame end success=true
08-08 14:12:55.260 25124  3957 I egui-showcase: egui_android_ui::widgets::text_edit: [TextEdit] publish_editor_state enter Id::new(3503992919194884473)
08-08 14:12:55.260 25124  3957 I egui-showcase: egui_android_ui::widgets::text_edit: [TextEdit] publish_editor_state exit Id::new(3503992919194884473)
08-08 14:12:55.260 25124  3957 I egui-showcase: egui_android_ui::widgets::text_edit: [TextEdit] render end
08-08 14:12:55.260 25124  3957 I egui-showcase: egui_android_ui::widgets::text_edit: [TextEdit] render end
08-08 14:12:55.261 25124  3957 I egui-showcase: egui_android_ui::widgets::text_edit: [TextEdit] render end
08-08 14:12:55.261 25124  3957 I egui-showcase: egui_android_ui::widgets::text_edit: [TextEdit] render end
08-08 14:12:55.261 25124  3957 I egui-showcase: egui_android_ui::widgets::text_edit: [TextEdit] render end
08-08 14:12:55.263 25124  3957 I egui-showcase: egui_android_platform_android::r#loop: LOOP: frame() вернулся
08-08 14:12:55.263 25124  3957 I egui-showcase: egui_android_platform_android::ime_jni: LOOP-JNI: update_cursor_rect enter [54,528,63,587]
08-08 14:12:55.263 25124  3957 I EguiActivity: updateCursorRect: [54, 528, 63, 587]
08-08 14:12:55.263 25124  3957 I egui-showcase: egui_android_platform_android::ime_jni: LOOP-JNI: update_cursor_rect exit
08-08 14:12:55.263 25124  3957 I egui-showcase: egui_android_platform_android::r#loop: LOOP: repaint_delay = 0ns (had_events=false, had_notify=false, событий в кадре=0)
08-08 14:12:55.263 25124  3957 I egui-showcase: egui_android_platform_android::r#loop: LOOP: render_frame begin (w=1280 h=2772)
08-08 14:12:55.263 25124  3957 I egui-showcase: egui_android_platform_android::graphics: render_frame: GL setup done
08-08 14:12:55.264 25124  3957 I egui-showcase: egui_android_platform_android::graphics: render_frame: tessellate done, primitives=17
08-08 14:12:55.264 25124  3957 I egui-showcase: egui_android_platform_android::graphics: render_frame: paint done
08-08 14:12:55.264 25124  3957 I egui-showcase: egui_android_platform_android::egl_backend: EglState: swap_buffers begin
08-08 14:12:55.265 25124  3957 I egui-showcase: egui_android_platform_android::egl_backend: EglState: swap_buffers end
08-08 14:12:55.265 25124  3957 I egui-showcase: egui_android_platform_android::r#loop: LOOP: render_frame end success=true
08-08 14:12:55.275 25124  3957 I egui-showcase: egui_android_ui::widgets::text_edit: [TextEdit] publish_editor_state enter Id::new(3503992919194884473)
08-08 14:12:55.275 25124  3957 I egui-showcase: egui_android_ui::widgets::text_edit: [TextEdit] publish_editor_state exit Id::new(3503992919194884473)
08-08 14:12:55.275 25124  3957 I egui-showcase: egui_android_ui::widgets::text_edit: [TextEdit] render end
08-08 14:12:55.275 25124  3957 I egui-showcase: egui_android_ui::widgets::text_edit: [TextEdit] render end
08-08 14:12:55.276 25124  3957 I egui-showcase: egui_android_ui::widgets::text_edit: [TextEdit] render end
08-08 14:12:55.276 25124  3957 I egui-showcase: egui_android_ui::widgets::text_edit: [TextEdit] render end
08-08 14:12:55.276 25124  3957 I egui-showcase: egui_android_ui::widgets::text_edit: [TextEdit] render end
08-08 14:12:55.276 25124  3957 I egui-showcase: egui_android_platform_android::r#loop: LOOP: frame() вернулся
08-08 14:12:55.276 25124  3957 I egui-showcase: egui_android_platform_android::ime_jni: LOOP-JNI: update_cursor_rect enter [54,528,63,587]
08-08 14:12:55.276 25124  3957 I EguiActivity: updateCursorRect: [54, 528, 63, 587]
08-08 14:12:55.276 25124  3957 I egui-showcase: egui_android_platform_android::ime_jni: LOOP-JNI: update_cursor_rect exit
08-08 14:12:55.276 25124  3957 I egui-showcase: egui_android_platform_android::r#loop: LOOP: repaint_delay = 479.360802ms (had_events=false, had_notify=false, событий в кадре=0)
08-08 14:12:55.276 25124  3957 I egui-showcase: egui_android_platform_android::r#loop: LOOP: render_frame begin (w=1280 h=2772)
08-08 14:12:55.277 25124  3957 I egui-showcase: egui_android_platform_android::graphics: render_frame: GL setup done
08-08 14:12:55.277 25124  3957 I egui-showcase: egui_android_platform_android::graphics: render_frame: tessellate done, primitives=18
08-08 14:12:55.277 25124  3957 I egui-showcase: egui_android_platform_android::graphics: render_frame: paint done
08-08 14:12:55.277 25124  3957 I egui-showcase: egui_android_platform_android::egl_backend: EglState: swap_buffers begin
08-08 14:12:55.277 25124  3957 I egui-showcase: egui_android_platform_android::egl_backend: EglState: swap_buffers end
08-08 14:12:55.277 25124  3957 I egui-showcase: egui_android_platform_android::r#loop: LOOP: render_frame end success=true
08-08 14:12:55.588 25124 25124 I EguiImeView: commitText: 'п' (thread=main)
08-08 14:12:55.588 25124 25124 I egui-showcase: egui_android_platform_android::ime_jni: IME-JNI: commitText -> "п"
08-08 14:12:55.588 25124 25124 I egui-showcase: egui_android_platform_android::ime_jni: IME-JNI: push_cmd enter (thread=<no-name>)
08-08 14:12:55.588 25124 25124 I egui-showcase: egui_android_platform_android::ime_jni: IME-JNI: push_cmd exit (thread=<no-name>)
08-08 14:12:55.731 25124 25124 I EguiImeView: commitText: 'р' (thread=main)
08-08 14:12:55.731 25124 25124 I egui-showcase: egui_android_platform_android::ime_jni: IME-JNI: commitText -> "р"
08-08 14:12:55.731 25124 25124 I egui-showcase: egui_android_platform_android::ime_jni: IME-JNI: push_cmd enter (thread=<no-name>)
08-08 14:12:55.731 25124 25124 I egui-showcase: egui_android_platform_android::ime_jni: IME-JNI: push_cmd exit (thread=<no-name>)
08-08 14:12:55.757 25124  3957 I egui-showcase: egui_android_platform_android::r#loop: LOOP: IME-команд на этом кадре: 2
08-08 14:12:55.757 25124  3957 I egui-showcase: egui_android_platform_android::input_processing: IME: commitText -> "п" (ImeEvent::Commit, next frame)
08-08 14:12:55.757 25124  3957 I egui-showcase: egui_android_platform_android::input_processing: IME: commitText -> "р" (ImeEvent::Commit, next frame)
08-08 14:12:55.759 25124  3957 I egui-showcase: egui_android_ui::widgets::text_edit: [TextEdit] publish_editor_state enter Id::new(3503992919194884473)
08-08 14:12:55.759 25124  3957 I egui-showcase: egui_android_ui::widgets::text_edit: [TextEdit] publish_editor_state exit Id::new(3503992919194884473)
08-08 14:12:55.759 25124  3957 I egui-showcase: egui_android_ui::widgets::text_edit: [TextEdit] render end
08-08 14:12:55.760 25124  3957 I egui-showcase: egui_android_ui::widgets::text_edit: [TextEdit] render end
08-08 14:12:55.760 25124  3957 I egui-showcase: egui_android_ui::widgets::text_edit: [TextEdit] render end
08-08 14:12:55.760 25124  3957 I egui-showcase: egui_android_ui::widgets::text_edit: [TextEdit] render end
08-08 14:12:55.761 25124  3957 I egui-showcase: egui_android_ui::widgets::text_edit: [TextEdit] render end
08-08 14:12:55.761 25124  3957 I egui-showcase: egui_android_platform_android::r#loop: LOOP: frame() вернулся
08-08 14:12:55.761 25124  3957 I egui-showcase: egui_android_platform_android::ime_jni: LOOP-JNI: update_cursor_rect enter [54,528,63,587]
08-08 14:12:55.762 25124  3957 I EguiActivity: updateCursorRect: [54, 528, 63, 587]
08-08 14:12:55.762 25124  3957 I egui-showcase: egui_android_platform_android::ime_jni: LOOP-JNI: update_cursor_rect exit
08-08 14:12:55.762 25124  3957 I egui-showcase: egui_android_platform_android::r#loop: LOOP: repaint_delay = 0ns (had_events=true, had_notify=false, событий в кадре=0)
08-08 14:12:55.762 25124  3957 I egui-showcase: egui_android_platform_android::r#loop: LOOP: render_frame begin (w=1280 h=2772)
08-08 14:12:55.762 25124  3957 I egui-showcase: egui_android_platform_android::graphics: render_frame: GL setup done
08-08 14:12:55.763 25124  3957 I egui-showcase: egui_android_platform_android::graphics: render_frame: tessellate done, primitives=18
08-08 14:12:55.763 25124  3957 I egui-showcase: egui_android_platform_android::graphics: render_frame: paint done
08-08 14:12:55.763 25124  3957 I egui-showcase: egui_android_platform_android::egl_backend: EglState: swap_buffers begin
08-08 14:12:55.764 25124  3957 I egui-showcase: egui_android_platform_android::egl_backend: EglState: swap_buffers end
08-08 14:12:55.764 25124  3957 I egui-showcase: egui_android_platform_android::r#loop: LOOP: render_frame end success=true
08-08 14:12:55.775 25124  3957 I egui-showcase: egui_android_ui::widgets::text_edit: [TextEdit] id=Id::new(3503992919194884473) has_focus=true gained=false lost=false changed=true buffer="пр"
08-08 14:12:55.775 25124  3957 I egui-showcase: egui_android_ui::widgets::text_edit: [TextEdit] publish_editor_state enter Id::new(3503992919194884473)
08-08 14:12:55.776 25124  3957 I egui-showcase: egui_android_ui::widgets::text_edit: [TextEdit] publish_editor_state exit Id::new(3503992919194884473)
08-08 14:12:55.776 25124  3957 I egui-showcase: egui_android_ui::widgets::text_edit: [TextEdit] enter changed-block, buffer="пр"
08-08 14:12:55.776 25124  3957 I egui-showcase: egui_android_ui::widgets::text_edit: [TextEdit] buffer cloned: "пр"
08-08 14:12:55.776 25124  3957 I egui-showcase: egui_android_ui::widgets::text_edit: [TextEdit] calling on_changed
08-08 14:12:55.776 25124  3957 I egui-showcase: egui_android_ui::remember: RememberState.set: begin, id=Id::new(("FFFF", "__top_ui")).with(IdSalt::new("child")).with(IdSalt::new("child")).with(IdSalt::new("child")).with(IdSalt::new("child")).with("te_email")
08-08 14:12:55.776 25124  3957 I egui-showcase: egui_android_ui::remember: RememberState.set: write done
08-08 14:12:55.776 25124  3957 I egui-showcase: egui_android_ui::remember: RememberState.set: persist done
08-08 14:12:55.776 25124  3957 I egui-showcase: egui_android_ui::remember: RememberState.set: end
08-08 14:12:55.776 25124  3957 I egui-showcase: egui_android_ui::widgets::text_edit: [TextEdit] on_changed done
08-08 14:12:55.776 25124  3957 I egui-showcase: egui_android_ui::widgets::text_edit: [TextEdit] changed-block done
08-08 14:12:55.776 25124  3957 I egui-showcase: egui_android_ui::widgets::text_edit: [TextEdit] render end
08-08 14:12:55.776 25124  3957 I egui-showcase: egui_android_ui::widgets::text_edit: [TextEdit] render end
08-08 14:12:55.776 25124  3957 I egui-showcase: egui_android_ui::widgets::text_edit: [TextEdit] render end
08-08 14:12:55.776 25124  3957 I egui-showcase: egui_android_ui::widgets::text_edit: [TextEdit] render end
08-08 14:12:55.776 25124  3957 I egui-showcase: egui_android_ui::widgets::text_edit: [TextEdit] render end
08-08 14:12:55.777 25124  3957 I egui-showcase: egui_android_platform_android::r#loop: LOOP: frame() вернулся
08-08 14:12:55.777 25124  3957 I egui-showcase: egui_android_platform_android::ime_jni: LOOP-JNI: update_cursor_rect enter [54,528,63,587]
08-08 14:12:55.777 25124  3957 I EguiActivity: updateCursorRect: [54, 528, 63, 587]
08-08 14:12:55.777 25124  3957 I egui-showcase: egui_android_platform_android::ime_jni: LOOP-JNI: update_cursor_rect exit
08-08 14:12:55.777 25124  3957 I egui-showcase: egui_android_platform_android::r#loop: LOOP: repaint_delay = 0ns (had_events=false, had_notify=false, событий в кадре=2)
08-08 14:12:55.777 25124  3957 I egui-showcase: egui_android_platform_android::r#loop: LOOP: render_frame begin (w=1280 h=2772)
08-08 14:12:55.777 25124  3957 I egui-showcase: egui_android_platform_android::graphics: render_frame: GL setup done
08-08 14:12:55.777 25124  3957 I egui-showcase: egui_android_platform_android::graphics: render_frame: tessellate done, primitives=18
08-08 14:12:55.777 25124  3957 I egui-showcase: egui_android_platform_android::graphics: render_frame: paint done
08-08 14:12:55.777 25124  3957 I egui-showcase: egui_android_platform_android::egl_backend: EglState: swap_buffers begin
08-08 14:12:55.778 25124  3957 I egui-showcase: egui_android_platform_android::egl_backend: EglState: swap_buffers end
08-08 14:12:55.778 25124  3957 I egui-showcase: egui_android_platform_android::r#loop: LOOP: render_frame end success=true
08-08 14:12:55.791 25124  3957 I egui-showcase: egui_android_ui::widgets::text_edit: [TextEdit] publish_editor_state enter Id::new(3503992919194884473)
08-08 14:12:55.791 25124  3957 I egui-showcase: egui_android_ui::widgets::text_edit: [TextEdit] publish_editor_state exit Id::new(3503992919194884473)
08-08 14:12:55.791 25124  3957 I egui-showcase: egui_android_ui::widgets::text_edit: [TextEdit] render end
08-08 14:12:55.792 25124  3957 I egui-showcase: egui_android_ui::widgets::text_edit: [TextEdit] render end
08-08 14:12:55.792 25124  3957 I egui-showcase: egui_android_ui::widgets::text_edit: [TextEdit] render end
08-08 14:12:55.792 25124  3957 I egui-showcase: egui_android_ui::widgets::text_edit: [TextEdit] render end
08-08 14:12:55.792 25124  3957 I egui-showcase: egui_android_ui::widgets::text_edit: [TextEdit] render end
08-08 14:12:55.792 25124  3957 I egui-showcase: egui_android_platform_android::r#loop: LOOP: frame() вернулся
08-08 14:12:55.792 25124  3957 I egui-showcase: egui_android_platform_android::ime_jni: LOOP-JNI: update_cursor_rect enter [102,528,112,587]
08-08 14:12:55.792 25124  3957 I EguiActivity: updateCursorRect: [102, 528, 112, 587]
08-08 14:12:55.793 25124  3957 I egui-showcase: egui_android_platform_android::ime_jni: LOOP-JNI: update_cursor_rect exit
08-08 14:12:55.793 25124  3957 I egui-showcase: egui_android_platform_android::r#loop: LOOP: repaint_delay = 0ns (had_events=false, had_notify=false, событий в кадре=0)
08-08 14:12:55.793 25124  3957 I egui-showcase: egui_android_platform_android::r#loop: LOOP: render_frame begin (w=1280 h=2772)
08-08 14:12:55.793 25124  3957 I egui-showcase: egui_android_platform_android::graphics: render_frame: GL setup done
08-08 14:12:55.793 25124  3957 I egui-showcase: egui_android_platform_android::graphics: render_frame: tessellate done, primitives=18
08-08 14:12:55.793 25124  3957 I egui-showcase: egui_android_platform_android::graphics: render_frame: paint done
08-08 14:12:55.793 25124  3957 I egui-showcase: egui_android_platform_android::egl_backend: EglState: swap_buffers begin
08-08 14:12:55.794 25124  3957 I egui-showcase: egui_android_platform_android::egl_backend: EglState: swap_buffers end
08-08 14:12:55.794 25124  3957 I egui-showcase: egui_android_platform_android::r#loop: LOOP: render_frame end success=true
08-08 14:12:55.808 25124  3957 I egui-showcase: egui_android_ui::widgets::text_edit: [TextEdit] publish_editor_state enter Id::new(3503992919194884473)
08-08 14:12:55.808 25124  3957 I egui-showcase: egui_android_ui::widgets::text_edit: [TextEdit] publish_editor_state exit Id::new(3503992919194884473)
08-08 14:12:55.808 25124  3957 I egui-showcase: egui_android_ui::widgets::text_edit: [TextEdit] render end
08-08 14:12:55.808 25124  3957 I egui-showcase: egui_android_ui::widgets::text_edit: [TextEdit] render end
08-08 14:12:55.808 25124  3957 I egui-showcase: egui_android_ui::widgets::text_edit: [TextEdit] render end
08-08 14:12:55.808 25124  3957 I egui-showcase: egui_android_ui::widgets::text_edit: [TextEdit] render end
08-08 14:12:55.809 25124  3957 I egui-showcase: egui_android_ui::widgets::text_edit: [TextEdit] render end
08-08 14:12:55.809 25124  3957 I egui-showcase: egui_android_platform_android::r#loop: LOOP: frame() вернулся
08-08 14:12:55.809 25124  3957 I egui-showcase: egui_android_platform_android::ime_jni: LOOP-JNI: update_cursor_rect enter [102,528,112,587]
08-08 14:12:55.809 25124  3957 I EguiActivity: updateCursorRect: [102, 528, 112, 587]
08-08 14:12:55.809 25124  3957 I egui-showcase: egui_android_platform_android::ime_jni: LOOP-JNI: update_cursor_rect exit
08-08 14:12:55.809 25124  3957 I egui-showcase: egui_android_platform_android::r#loop: LOOP: repaint_delay = 450.00313ms (had_events=false, had_notify=false, событий в кадре=0)
08-08 14:12:55.809 25124  3957 I egui-showcase: egui_android_platform_android::r#loop: LOOP: render_frame begin (w=1280 h=2772)
08-08 14:12:55.810 25124  3957 I egui-showcase: egui_android_platform_android::graphics: render_frame: GL setup done
08-08 14:12:55.810 25124  3957 I egui-showcase: egui_android_platform_android::graphics: render_frame: tessellate done, primitives=18
08-08 14:12:55.810 25124  3957 I egui-showcase: egui_android_platform_android::graphics: render_frame: paint done
08-08 14:12:55.810 25124  3957 I egui-showcase: egui_android_platform_android::egl_backend: EglState: swap_buffers begin
08-08 14:12:55.811 25124  3957 I egui-showcase: egui_android_platform_android::egl_backend: EglState: swap_buffers end
08-08 14:12:55.811 25124  3957 I egui-showcase: egui_android_platform_android::r#loop: LOOP: render_frame end success=true
08-08 14:12:55.954 25124 25124 I EguiImeView: commitText: 'и' (thread=main)
08-08 14:12:55.954 25124 25124 I egui-showcase: egui_android_platform_android::ime_jni: IME-JNI: commitText -> "и"
08-08 14:12:55.955 25124 25124 I egui-showcase: egui_android_platform_android::ime_jni: IME-JNI: push_cmd enter (thread=<no-name>)
08-08 14:12:55.955 25124 25124 I egui-showcase: egui_android_platform_android::ime_jni: IME-JNI: push_cmd exit (thread=<no-name>)
08-08 14:12:56.262 25124  3957 I egui-showcase: egui_android_platform_android::r#loop: LOOP: IME-команд на этом кадре: 1
08-08 14:12:56.262 25124  3957 I egui-showcase: egui_android_platform_android::input_processing: IME: commitText -> "и" (ImeEvent::Commit, next frame)
08-08 14:12:56.264 25124  3957 I egui-showcase: egui_android_ui::widgets::text_edit: [TextEdit] publish_editor_state enter Id::new(3503992919194884473)
08-08 14:12:56.264 25124  3957 I egui-showcase: egui_android_ui::widgets::text_edit: [TextEdit] publish_editor_state exit Id::new(3503992919194884473)
08-08 14:12:56.264 25124  3957 I egui-showcase: egui_android_ui::widgets::text_edit: [TextEdit] render end
08-08 14:12:56.264 25124  3957 I egui-showcase: egui_android_ui::widgets::text_edit: [TextEdit] render end
08-08 14:12:56.265 25124  3957 I egui-showcase: egui_android_ui::widgets::text_edit: [TextEdit] render end
08-08 14:12:56.265 25124  3957 I egui-showcase: egui_android_ui::widgets::text_edit: [TextEdit] render end
08-08 14:12:56.265 25124  3957 I egui-showcase: egui_android_ui::widgets::text_edit: [TextEdit] render end
08-08 14:12:56.267 25124  3957 I egui-showcase: egui_android_platform_android::r#loop: LOOP: frame() вернулся
08-08 14:12:56.267 25124  3957 I egui-showcase: egui_android_platform_android::ime_jni: LOOP-JNI: update_cursor_rect enter [102,528,112,587]
08-08 14:12:56.267 25124  3957 I EguiActivity: updateCursorRect: [102, 528, 112, 587]
08-08 14:12:56.267 25124  3957 I egui-showcase: egui_android_platform_android::ime_jni: LOOP-JNI: update_cursor_rect exit
08-08 14:12:56.267 25124  3957 I egui-showcase: egui_android_platform_android::r#loop: LOOP: repaint_delay = 0ns (had_events=true, had_notify=false, событий в кадре=0)
08-08 14:12:56.267 25124  3957 I egui-showcase: egui_android_platform_android::r#loop: LOOP: render_frame begin (w=1280 h=2772)
08-08 14:12:56.268 25124  3957 I egui-showcase: egui_android_platform_android::graphics: render_frame: GL setup done
08-08 14:12:56.268 25124  3957 I egui-showcase: egui_android_platform_android::graphics: render_frame: tessellate done, primitives=18
08-08 14:12:56.268 25124  3957 I egui-showcase: egui_android_platform_android::graphics: render_frame: paint done
08-08 14:12:56.268 25124  3957 I egui-showcase: egui_android_platform_android::egl_backend: EglState: swap_buffers begin
08-08 14:12:56.269 25124  3957 I egui-showcase: egui_android_platform_android::egl_backend: EglState: swap_buffers end
08-08 14:12:56.269 25124  3957 I egui-showcase: egui_android_platform_android::r#loop: LOOP: render_frame end success=true
08-08 14:12:56.280 25124  3957 I egui-showcase: egui_android_ui::widgets::text_edit: [TextEdit] id=Id::new(3503992919194884473) has_focus=true gained=false lost=false changed=true buffer="при"
08-08 14:12:56.280 25124  3957 I egui-showcase: egui_android_ui::widgets::text_edit: [TextEdit] publish_editor_state enter Id::new(3503992919194884473)
08-08 14:12:56.280 25124  3957 I egui-showcase: egui_android_ui::widgets::text_edit: [TextEdit] publish_editor_state exit Id::new(3503992919194884473)
08-08 14:12:56.280 25124  3957 I egui-showcase: egui_android_ui::widgets::text_edit: [TextEdit] enter changed-block, buffer="при"
08-08 14:12:56.280 25124  3957 I egui-showcase: egui_android_ui::widgets::text_edit: [TextEdit] buffer cloned: "при"
08-08 14:12:56.280 25124  3957 I egui-showcase: egui_android_ui::widgets::text_edit: [TextEdit] calling on_changed
08-08 14:12:56.280 25124  3957 I egui-showcase: egui_android_ui::remember: RememberState.set: begin, id=Id::new(("FFFF", "__top_ui")).with(IdSalt::new("child")).with(IdSalt::new("child")).with(IdSalt::new("child")).with(IdSalt::new("child")).with("te_email")
08-08 14:12:56.280 25124  3957 I egui-showcase: egui_android_ui::remember: RememberState.set: write done
08-08 14:12:56.280 25124  3957 I egui-showcase: egui_android_ui::remember: RememberState.set: persist done
08-08 14:12:56.280 25124  3957 I egui-showcase: egui_android_ui::remember: RememberState.set: end
08-08 14:12:56.280 25124  3957 I egui-showcase: egui_android_ui::widgets::text_edit: [TextEdit] on_changed done
08-08 14:12:56.280 25124  3957 I egui-showcase: egui_android_ui::widgets::text_edit: [TextEdit] changed-block done
08-08 14:12:56.280 25124  3957 I egui-showcase: egui_android_ui::widgets::text_edit: [TextEdit] render end
08-08 14:12:56.280 25124  3957 I egui-showcase: egui_android_ui::widgets::text_edit: [TextEdit] render end
08-08 14:12:56.280 25124  3957 I egui-showcase: egui_android_ui::widgets::text_edit: [TextEdit] render end
08-08 14:12:56.280 25124  3957 I egui-showcase: egui_android_ui::widgets::text_edit: [TextEdit] render end
08-08 14:12:56.280 25124  3957 I egui-showcase: egui_android_ui::widgets::text_edit: [TextEdit] render end
08-08 14:12:56.281 25124  3957 I egui-showcase: egui_android_platform_android::r#loop: LOOP: frame() вернулся
08-08 14:12:56.281 25124  3957 I egui-showcase: egui_android_platform_android::ime_jni: LOOP-JNI: update_cursor_rect enter [127,528,137,587]
08-08 14:12:56.281 25124  3957 I EguiActivity: updateCursorRect: [127, 528, 137, 587]
08-08 14:12:56.281 25124  3957 I egui-showcase: egui_android_platform_android::ime_jni: LOOP-JNI: update_cursor_rect exit
08-08 14:12:56.281 25124  3957 I egui-showcase: egui_android_platform_android::r#loop: LOOP: repaint_delay = 0ns (had_events=false, had_notify=false, событий в кадре=1)
08-08 14:12:56.281 25124  3957 I egui-showcase: egui_android_platform_android::r#loop: LOOP: render_frame begin (w=1280 h=2772)
08-08 14:12:56.281 25124  3957 I egui-showcase: egui_android_platform_android::graphics: render_frame: GL setup done
08-08 14:12:56.281 25124  3957 I egui-showcase: egui_android_platform_android::graphics: render_frame: tessellate done, primitives=18
08-08 14:12:56.281 25124  3957 I egui-showcase: egui_android_platform_android::graphics: render_frame: paint done
08-08 14:12:56.281 25124  3957 I egui-showcase: egui_android_platform_android::egl_backend: EglState: swap_buffers begin
08-08 14:12:56.282 25124  3957 I egui-showcase: egui_android_platform_android::egl_backend: EglState: swap_buffers end
08-08 14:12:56.282 25124  3957 I egui-showcase: egui_android_platform_android::r#loop: LOOP: render_frame end success=true
08-08 14:12:56.296 25124  3957 I egui-showcase: egui_android_ui::widgets::text_edit: [TextEdit] publish_editor_state enter Id::new(3503992919194884473)
08-08 14:12:56.296 25124  3957 I egui-showcase: egui_android_ui::widgets::text_edit: [TextEdit] publish_editor_state exit Id::new(3503992919194884473)
08-08 14:12:56.296 25124  3957 I egui-showcase: egui_android_ui::widgets::text_edit: [TextEdit] render end
08-08 14:12:56.296 25124  3957 I egui-showcase: egui_android_ui::widgets::text_edit: [TextEdit] render end
08-08 14:12:56.296 25124  3957 I egui-showcase: egui_android_ui::widgets::text_edit: [TextEdit] render end
08-08 14:12:56.296 25124  3957 I egui-showcase: egui_android_ui::widgets::text_edit: [TextEdit] render end
08-08 14:12:56.296 25124  3957 I egui-showcase: egui_android_ui::widgets::text_edit: [TextEdit] render end
08-08 14:12:56.297 25124  3957 I egui-showcase: egui_android_platform_android::r#loop: LOOP: frame() вернулся
08-08 14:12:56.297 25124  3957 I egui-showcase: egui_android_platform_android::ime_jni: LOOP-JNI: update_cursor_rect enter [127,528,137,587]
08-08 14:12:56.297 25124  3957 I EguiActivity: updateCursorRect: [127, 528, 137, 587]
08-08 14:12:56.297 25124  3957 I egui-showcase: egui_android_platform_android::ime_jni: LOOP-JNI: update_cursor_rect exit
08-08 14:12:56.297 25124  3957 I egui-showcase: egui_android_platform_android::r#loop: LOOP: repaint_delay = 0ns (had_events=false, had_notify=false, событий в кадре=0)
08-08 14:12:56.297 25124  3957 I egui-showcase: egui_android_platform_android::r#loop: LOOP: render_frame begin (w=1280 h=2772)
08-08 14:12:56.297 25124  3957 I egui-showcase: egui_android_platform_android::graphics: render_frame: GL setup done
08-08 14:12:56.297 25124  3957 I egui-showcase: egui_android_platform_android::graphics: render_frame: tessellate done, primitives=18
08-08 14:12:56.298 25124  3957 I egui-showcase: egui_android_platform_android::graphics: render_frame: paint done
08-08 14:12:56.298 25124  3957 I egui-showcase: egui_android_platform_android::egl_backend: EglState: swap_buffers begin
08-08 14:12:56.298 25124  3957 I egui-showcase: egui_android_platform_android::egl_backend: EglState: swap_buffers end
08-08 14:12:56.298 25124  3957 I egui-showcase: egui_android_platform_android::r#loop: LOOP: render_frame end success=true
08-08 14:12:56.312 25124  3957 I egui-showcase: egui_android_ui::widgets::text_edit: [TextEdit] publish_editor_state enter Id::new(3503992919194884473)
08-08 14:12:56.313 25124  3957 I egui-showcase: egui_android_ui::widgets::text_edit: [TextEdit] publish_editor_state exit Id::new(3503992919194884473)
08-08 14:12:56.313 25124  3957 I egui-showcase: egui_android_ui::widgets::text_edit: [TextEdit] render end
08-08 14:12:56.313 25124  3957 I egui-showcase: egui_android_ui::widgets::text_edit: [TextEdit] render end
08-08 14:12:56.313 25124  3957 I egui-showcase: egui_android_ui::widgets::text_edit: [TextEdit] render end
08-08 14:12:56.313 25124  3957 I egui-showcase: egui_android_ui::widgets::text_edit: [TextEdit] render end
08-08 14:12:56.313 25124  3957 I egui-showcase: egui_android_ui::widgets::text_edit: [TextEdit] render end
08-08 14:12:56.313 25124  3957 I egui-showcase: egui_android_platform_android::r#loop: LOOP: frame() вернулся
08-08 14:12:56.313 25124  3957 I egui-showcase: egui_android_platform_android::ime_jni: LOOP-JNI: update_cursor_rect enter [127,528,137,587]
08-08 14:12:56.314 25124  3957 I EguiActivity: updateCursorRect: [127, 528, 137, 587]
08-08 14:12:56.314 25124  3957 I egui-showcase: egui_android_platform_android::ime_jni: LOOP-JNI: update_cursor_rect exit
08-08 14:12:56.314 25124  3957 I egui-showcase: egui_android_platform_android::r#loop: LOOP: repaint_delay = 449.996693ms (had_events=false, had_notify=false, событий в кадре=0)
08-08 14:12:56.314 25124  3957 I egui-showcase: egui_android_platform_android::r#loop: LOOP: render_frame begin (w=1280 h=2772)
08-08 14:12:56.314 25124  3957 I egui-showcase: egui_android_platform_android::graphics: render_frame: GL setup done
08-08 14:12:56.314 25124  3957 I egui-showcase: egui_android_platform_android::graphics: render_frame: tessellate done, primitives=18
08-08 14:12:56.314 25124  3957 I egui-showcase: egui_android_platform_android::graphics: render_frame: paint done
08-08 14:12:56.314 25124  3957 I egui-showcase: egui_android_platform_android::egl_backend: EglState: swap_buffers begin
08-08 14:12:56.314 25124  3957 I egui-showcase: egui_android_platform_android::egl_backend: EglState: swap_buffers end
08-08 14:12:56.315 25124  3957 I egui-showcase: egui_android_platform_android::r#loop: LOOP: render_frame end success=true
08-08 14:12:56.767 25124  3957 I egui-showcase: egui_android_ui::widgets::text_edit: [TextEdit] publish_editor_state enter Id::new(3503992919194884473)
08-08 14:12:56.768 25124  3957 I egui-showcase: egui_android_ui::widgets::text_edit: [TextEdit] publish_editor_state exit Id::new(3503992919194884473)
08-08 14:12:56.768 25124  3957 I egui-showcase: egui_android_ui::widgets::text_edit: [TextEdit] render end
08-08 14:12:56.768 25124  3957 I egui-showcase: egui_android_ui::widgets::text_edit: [TextEdit] render end
08-08 14:12:56.769 25124  3957 I egui-showcase: egui_android_ui::widgets::text_edit: [TextEdit] render end
08-08 14:12:56.769 25124  3957 I egui-showcase: egui_android_ui::widgets::text_edit: [TextEdit] render end
08-08 14:12:56.769 25124  3957 I egui-showcase: egui_android_ui::widgets::text_edit: [TextEdit] render end
08-08 14:12:56.771 25124  3957 I egui-showcase: egui_android_platform_android::r#loop: LOOP: frame() вернулся
08-08 14:12:56.771 25124  3957 I egui-showcase: egui_android_platform_android::ime_jni: LOOP-JNI: update_cursor_rect enter [127,528,137,587]
08-08 14:12:56.771 25124  3957 I EguiActivity: updateCursorRect: [127, 528, 137, 587]
08-08 14:12:56.771 25124  3957 I egui-showcase: egui_android_platform_android::ime_jni: LOOP-JNI: update_cursor_rect exit
08-08 14:12:56.771 25124  3957 I egui-showcase: egui_android_platform_android::r#loop: LOOP: repaint_delay = 0ns (had_events=false, had_notify=false, событий в кадре=0)
08-08 14:12:56.771 25124  3957 I egui-showcase: egui_android_platform_android::r#loop: LOOP: render_frame begin (w=1280 h=2772)
08-08 14:12:56.772 25124  3957 I egui-showcase: egui_android_platform_android::graphics: render_frame: GL setup done
08-08 14:12:56.772 25124  3957 I egui-showcase: egui_android_platform_android::graphics: render_frame: tessellate done, primitives=18
08-08 14:12:56.772 25124  3957 I egui-showcase: egui_android_platform_android::graphics: render_frame: paint done
08-08 14:12:56.772 25124  3957 I egui-showcase: egui_android_platform_android::egl_backend: EglState: swap_buffers begin
08-08 14:12:56.773 25124  3957 I egui-showcase: egui_android_platform_android::egl_backend: EglState: swap_buffers end
08-08 14:12:56.773 25124  3957 I egui-showcase: egui_android_platform_android::r#loop: LOOP: render_frame end success=true
08-08 14:12:56.783 25124  3957 I egui-showcase: egui_android_ui::widgets::text_edit: [TextEdit] publish_editor_state enter Id::new(3503992919194884473)
08-08 14:12:56.783 25124  3957 I egui-showcase: egui_android_ui::widgets::text_edit: [TextEdit] publish_editor_state exit Id::new(3503992919194884473)
08-08 14:12:56.783 25124  3957 I egui-showcase: egui_android_ui::widgets::text_edit: [TextEdit] render end
08-08 14:12:56.783 25124  3957 I egui-showcase: egui_android_ui::widgets::text_edit: [TextEdit] render end
08-08 14:12:56.783 25124  3957 I egui-showcase: egui_android_ui::widgets::text_edit: [TextEdit] render end
08-08 14:12:56.784 25124  3957 I egui-showcase: egui_android_ui::widgets::text_edit: [TextEdit] render end
08-08 14:12:56.784 25124  3957 I egui-showcase: egui_android_ui::widgets::text_edit: [TextEdit] render end
08-08 14:12:56.784 25124  3957 I egui-showcase: egui_android_platform_android::r#loop: LOOP: frame() вернулся
08-08 14:12:56.784 25124  3957 I egui-showcase: egui_android_platform_android::ime_jni: LOOP-JNI: update_cursor_rect enter [127,528,137,587]
08-08 14:12:56.784 25124  3957 I EguiActivity: updateCursorRect: [127, 528, 137, 587]
08-08 14:12:56.784 25124  3957 I egui-showcase: egui_android_platform_android::ime_jni: LOOP-JNI: update_cursor_rect exit
08-08 14:12:56.784 25124  3957 I egui-showcase: egui_android_platform_android::r#loop: LOOP: repaint_delay = 479.477627ms (had_events=false, had_notify=false, событий в кадре=0)
08-08 14:12:56.784 25124  3957 I egui-showcase: egui_android_platform_android::r#loop: LOOP: render_frame begin (w=1280 h=2772)
08-08 14:12:56.784 25124  3957 I egui-showcase: egui_android_platform_android::graphics: render_frame: GL setup done
08-08 14:12:56.785 25124  3957 I egui-showcase: egui_android_platform_android::graphics: render_frame: tessellate done, primitives=18
08-08 14:12:56.785 25124  3957 I egui-showcase: egui_android_platform_android::graphics: render_frame: paint done
08-08 14:12:56.785 25124  3957 I egui-showcase: egui_android_platform_android::egl_backend: EglState: swap_buffers begin
08-08 14:12:56.785 25124  3957 I egui-showcase: egui_android_platform_android::egl_backend: EglState: swap_buffers end
08-08 14:12:56.785 25124  3957 I egui-showcase: egui_android_platform_android::r#loop: LOOP: render_frame end success=true
08-08 14:12:57.077 25124 25124 I EguiImeView: commitText: 'в' (thread=main)
08-08 14:12:57.077 25124 25124 I egui-showcase: egui_android_platform_android::ime_jni: IME-JNI: commitText -> "в"
08-08 14:12:57.078 25124 25124 I egui-showcase: egui_android_platform_android::ime_jni: IME-JNI: push_cmd enter (thread=<no-name>)
08-08 14:12:57.078 25124 25124 I egui-showcase: egui_android_platform_android::ime_jni: IME-JNI: push_cmd exit (thread=<no-name>)
08-08 14:12:57.252 25124 25124 I EguiImeView: commitText: 'е' (thread=main)
08-08 14:12:57.253 25124 25124 I egui-showcase: egui_android_platform_android::ime_jni: IME-JNI: commitText -> "е"
08-08 14:12:57.253 25124 25124 I egui-showcase: egui_android_platform_android::ime_jni: IME-JNI: push_cmd enter (thread=<no-name>)
08-08 14:12:57.253 25124 25124 I egui-showcase: egui_android_platform_android::ime_jni: IME-JNI: push_cmd exit (thread=<no-name>)
08-08 14:12:57.265 25124  3957 I egui-showcase: egui_android_platform_android::r#loop: LOOP: IME-команд на этом кадре: 2
08-08 14:12:57.265 25124  3957 I egui-showcase: egui_android_platform_android::input_processing: IME: commitText -> "в" (ImeEvent::Commit, next frame)
08-08 14:12:57.265 25124  3957 I egui-showcase: egui_android_platform_android::input_processing: IME: commitText -> "е" (ImeEvent::Commit, next frame)
08-08 14:12:57.266 25124  3957 I egui-showcase: egui_android_ui::widgets::text_edit: [TextEdit] publish_editor_state enter Id::new(3503992919194884473)
08-08 14:12:57.266 25124  3957 I egui-showcase: egui_android_ui::widgets::text_edit: [TextEdit] publish_editor_state exit Id::new(3503992919194884473)
08-08 14:12:57.266 25124  3957 I egui-showcase: egui_android_ui::widgets::text_edit: [TextEdit] render end
08-08 14:12:57.266 25124  3957 I egui-showcase: egui_android_ui::widgets::text_edit: [TextEdit] render end
08-08 14:12:57.267 25124  3957 I egui-showcase: egui_android_ui::widgets::text_edit: [TextEdit] render end
08-08 14:12:57.267 25124  3957 I egui-showcase: egui_android_ui::widgets::text_edit: [TextEdit] render end
08-08 14:12:57.268 25124  3957 I egui-showcase: egui_android_ui::widgets::text_edit: [TextEdit] render end
08-08 14:12:57.268 25124  3957 I egui-showcase: egui_android_platform_android::r#loop: LOOP: frame() вернулся
08-08 14:12:57.268 25124  3957 I egui-showcase: egui_android_platform_android::ime_jni: LOOP-JNI: update_cursor_rect enter [127,528,137,587]
08-08 14:12:57.269 25124  3957 I EguiActivity: updateCursorRect: [127, 528, 137, 587]
08-08 14:12:57.269 25124  3957 I egui-showcase: egui_android_platform_android::ime_jni: LOOP-JNI: update_cursor_rect exit
08-08 14:12:57.269 25124  3957 I egui-showcase: egui_android_platform_android::r#loop: LOOP: repaint_delay = 0ns (had_events=true, had_notify=false, событий в кадре=0)
08-08 14:12:57.269 25124  3957 I egui-showcase: egui_android_platform_android::r#loop: LOOP: render_frame begin (w=1280 h=2772)
08-08 14:12:57.269 25124  3957 I egui-showcase: egui_android_platform_android::graphics: render_frame: GL setup done
08-08 14:12:57.269 25124  3957 I egui-showcase: egui_android_platform_android::graphics: render_frame: tessellate done, primitives=18
08-08 14:12:57.270 25124  3957 I egui-showcase: egui_android_platform_android::graphics: render_frame: paint done
08-08 14:12:57.270 25124  3957 I egui-showcase: egui_android_platform_android::egl_backend: EglState: swap_buffers begin
08-08 14:12:57.272 25124  3957 I egui-showcase: egui_android_platform_android::egl_backend: EglState: swap_buffers end
08-08 14:12:57.272 25124  3957 I egui-showcase: egui_android_platform_android::r#loop: LOOP: render_frame end success=true
08-08 14:12:57.283 25124  3957 I egui-showcase: egui_android_ui::widgets::text_edit: [TextEdit] id=Id::new(3503992919194884473) has_focus=true gained=false lost=false changed=true buffer="приве"
08-08 14:12:57.283 25124  3957 I egui-showcase: egui_android_ui::widgets::text_edit: [TextEdit] publish_editor_state enter Id::new(3503992919194884473)
08-08 14:12:57.283 25124  3957 I egui-showcase: egui_android_ui::widgets::text_edit: [TextEdit] publish_editor_state exit Id::new(3503992919194884473)
08-08 14:12:57.283 25124  3957 I egui-showcase: egui_android_ui::widgets::text_edit: [TextEdit] enter changed-block, buffer="приве"
08-08 14:12:57.283 25124  3957 I egui-showcase: egui_android_ui::widgets::text_edit: [TextEdit] buffer cloned: "приве"
08-08 14:12:57.283 25124  3957 I egui-showcase: egui_android_ui::widgets::text_edit: [TextEdit] calling on_changed
08-08 14:12:57.283 25124  3957 I egui-showcase: egui_android_ui::remember: RememberState.set: begin, id=Id::new(("FFFF", "__top_ui")).with(IdSalt::new("child")).with(IdSalt::new("child")).with(IdSalt::new("child")).with(IdSalt::new("child")).with("te_email")
08-08 14:12:57.283 25124  3957 I egui-showcase: egui_android_ui::remember: RememberState.set: write done
08-08 14:12:57.283 25124  3957 I egui-showcase: egui_android_ui::remember: RememberState.set: persist done
08-08 14:12:57.283 25124  3957 I egui-showcase: egui_android_ui::remember: RememberState.set: end
08-08 14:12:57.283 25124  3957 I egui-showcase: egui_android_ui::widgets::text_edit: [TextEdit] on_changed done
08-08 14:12:57.283 25124  3957 I egui-showcase: egui_android_ui::widgets::text_edit: [TextEdit] changed-block done
08-08 14:12:57.283 25124  3957 I egui-showcase: egui_android_ui::widgets::text_edit: [TextEdit] render end
08-08 14:12:57.283 25124  3957 I egui-showcase: egui_android_ui::widgets::text_edit: [TextEdit] render end
08-08 14:12:57.283 25124  3957 I egui-showcase: egui_android_ui::widgets::text_edit: [TextEdit] render end
08-08 14:12:57.283 25124  3957 I egui-showcase: egui_android_ui::widgets::text_edit: [TextEdit] render end
08-08 14:12:57.284 25124  3957 I egui-showcase: egui_android_ui::widgets::text_edit: [TextEdit] render end
08-08 14:12:57.284 25124  3957 I egui-showcase: egui_android_platform_android::r#loop: LOOP: frame() вернулся
08-08 14:12:57.284 25124  3957 I egui-showcase: egui_android_platform_android::ime_jni: LOOP-JNI: update_cursor_rect enter [173,528,183,587]
08-08 14:12:57.284 25124  3957 I EguiActivity: updateCursorRect: [173, 528, 183, 587]
08-08 14:12:57.284 25124  3957 I egui-showcase: egui_android_platform_android::ime_jni: LOOP-JNI: update_cursor_rect exit
08-08 14:12:57.284 25124  3957 I egui-showcase: egui_android_platform_android::r#loop: LOOP: repaint_delay = 0ns (had_events=false, had_notify=false, событий в кадре=2)
08-08 14:12:57.284 25124  3957 I egui-showcase: egui_android_platform_android::r#loop: LOOP: render_frame begin (w=1280 h=2772)
08-08 14:12:57.284 25124  3957 I egui-showcase: egui_android_platform_android::graphics: render_frame: GL setup done
08-08 14:12:57.285 25124  3957 I egui-showcase: egui_android_platform_android::graphics: render_frame: tessellate done, primitives=18
08-08 14:12:57.285 25124  3957 I egui-showcase: egui_android_platform_android::graphics: render_frame: paint done
08-08 14:12:57.285 25124  3957 I egui-showcase: egui_android_platform_android::egl_backend: EglState: swap_buffers begin
08-08 14:12:57.285 25124  3957 I egui-showcase: egui_android_platform_android::egl_backend: EglState: swap_buffers end
08-08 14:12:57.285 25124  3957 I egui-showcase: egui_android_platform_android::r#loop: LOOP: render_frame end success=true
08-08 14:12:57.299 25124  3957 I egui-showcase: egui_android_ui::widgets::text_edit: [TextEdit] publish_editor_state enter Id::new(3503992919194884473)
08-08 14:12:57.299 25124  3957 I egui-showcase: egui_android_ui::widgets::text_edit: [TextEdit] publish_editor_state exit Id::new(3503992919194884473)
08-08 14:12:57.299 25124  3957 I egui-showcase: egui_android_ui::widgets::text_edit: [TextEdit] render end
08-08 14:12:57.299 25124  3957 I egui-showcase: egui_android_ui::widgets::text_edit: [TextEdit] render end
08-08 14:12:57.299 25124  3957 I egui-showcase: egui_android_ui::widgets::text_edit: [TextEdit] render end
08-08 14:12:57.299 25124  3957 I egui-showcase: egui_android_ui::widgets::text_edit: [TextEdit] render end
08-08 14:12:57.300 25124  3957 I egui-showcase: egui_android_ui::widgets::text_edit: [TextEdit] render end
08-08 14:12:57.300 25124  3957 I egui-showcase: egui_android_platform_android::r#loop: LOOP: frame() вернулся
08-08 14:12:57.300 25124  3957 I egui-showcase: egui_android_platform_android::ime_jni: LOOP-JNI: update_cursor_rect enter [173,528,183,587]
08-08 14:12:57.300 25124  3957 I EguiActivity: updateCursorRect: [173, 528, 183, 587]
08-08 14:12:57.300 25124  3957 I egui-showcase: egui_android_platform_android::ime_jni: LOOP-JNI: update_cursor_rect exit
08-08 14:12:57.300 25124  3957 I egui-showcase: egui_android_platform_android::r#loop: LOOP: repaint_delay = 0ns (had_events=false, had_notify=false, событий в кадре=0)
08-08 14:12:57.300 25124  3957 I egui-showcase: egui_android_platform_android::r#loop: LOOP: render_frame begin (w=1280 h=2772)
08-08 14:12:57.300 25124  3957 I egui-showcase: egui_android_platform_android::graphics: render_frame: GL setup done
08-08 14:12:57.301 25124  3957 I egui-showcase: egui_android_platform_android::graphics: render_frame: tessellate done, primitives=18
08-08 14:12:57.301 25124  3957 I egui-showcase: egui_android_platform_android::graphics: render_frame: paint done
08-08 14:12:57.301 25124  3957 I egui-showcase: egui_android_platform_android::egl_backend: EglState: swap_buffers begin
08-08 14:12:57.301 25124  3957 I egui-showcase: egui_android_platform_android::egl_backend: EglState: swap_buffers end
08-08 14:12:57.301 25124  3957 I egui-showcase: egui_android_platform_android::r#loop: LOOP: render_frame end success=true
08-08 14:12:57.316 25124  3957 I egui-showcase: egui_android_ui::widgets::text_edit: [TextEdit] publish_editor_state enter Id::new(3503992919194884473)
08-08 14:12:57.316 25124  3957 I egui-showcase: egui_android_ui::widgets::text_edit: [TextEdit] publish_editor_state exit Id::new(3503992919194884473)
08-08 14:12:57.316 25124  3957 I egui-showcase: egui_android_ui::widgets::text_edit: [TextEdit] render end
08-08 14:12:57.316 25124  3957 I egui-showcase: egui_android_ui::widgets::text_edit: [TextEdit] render end
08-08 14:12:57.316 25124  3957 I egui-showcase: egui_android_ui::widgets::text_edit: [TextEdit] render end
08-08 14:12:57.316 25124  3957 I egui-showcase: egui_android_ui::widgets::text_edit: [TextEdit] render end
08-08 14:12:57.316 25124  3957 I egui-showcase: egui_android_ui::widgets::text_edit: [TextEdit] render end
08-08 14:12:57.317 25124  3957 I egui-showcase: egui_android_platform_android::r#loop: LOOP: frame() вернулся
08-08 14:12:57.317 25124  3957 I egui-showcase: egui_android_platform_android::ime_jni: LOOP-JNI: update_cursor_rect enter [173,528,183,587]
08-08 14:12:57.317 25124  3957 I EguiActivity: updateCursorRect: [173, 528, 183, 587]
08-08 14:12:57.317 25124  3957 I egui-showcase: egui_android_platform_android::ime_jni: LOOP-JNI: update_cursor_rect exit
08-08 14:12:57.317 25124  3957 I egui-showcase: egui_android_platform_android::r#loop: LOOP: repaint_delay = 450.005037ms (had_events=false, had_notify=false, событий в кадре=0)
08-08 14:12:57.317 25124  3957 I egui-showcase: egui_android_platform_android::r#loop: LOOP: render_frame begin (w=1280 h=2772)
08-08 14:12:57.317 25124  3957 I egui-showcase: egui_android_platform_android::graphics: render_frame: GL setup done
08-08 14:12:57.317 25124  3957 I egui-showcase: egui_android_platform_android::graphics: render_frame: tessellate done, primitives=18
08-08 14:12:57.317 25124  3957 I egui-showcase: egui_android_platform_android::graphics: render_frame: paint done
08-08 14:12:57.317 25124  3957 I egui-showcase: egui_android_platform_android::egl_backend: EglState: swap_buffers begin
08-08 14:12:57.318 25124  3957 I egui-showcase: egui_android_platform_android::egl_backend: EglState: swap_buffers end
08-08 14:12:57.318 25124  3957 I egui-showcase: egui_android_platform_android::r#loop: LOOP: render_frame end success=true
08-08 14:12:57.459 25124 25124 I EguiImeView: commitText: 'т' (thread=main)
08-08 14:12:57.460 25124 25124 I egui-showcase: egui_android_platform_android::ime_jni: IME-JNI: commitText -> "т"
08-08 14:12:57.460 25124 25124 I egui-showcase: egui_android_platform_android::ime_jni: IME-JNI: push_cmd enter (thread=<no-name>)
08-08 14:12:57.460 25124 25124 I egui-showcase: egui_android_platform_android::ime_jni: IME-JNI: push_cmd exit (thread=<no-name>)
08-08 14:12:57.769 25124  3957 I egui-showcase: egui_android_platform_android::r#loop: LOOP: IME-команд на этом кадре: 1
08-08 14:12:57.769 25124  3957 I egui-showcase: egui_android_platform_android::input_processing: IME: commitText -> "т" (ImeEvent::Commit, next frame)
08-08 14:12:57.770 25124  3957 I egui-showcase: egui_android_ui::widgets::text_edit: [TextEdit] publish_editor_state enter Id::new(3503992919194884473)
08-08 14:12:57.771 25124  3957 I egui-showcase: egui_android_ui::widgets::text_edit: [TextEdit] publish_editor_state exit Id::new(3503992919194884473)
08-08 14:12:57.771 25124  3957 I egui-showcase: egui_android_ui::widgets::text_edit: [TextEdit] render end
08-08 14:12:57.771 25124  3957 I egui-showcase: egui_android_ui::widgets::text_edit: [TextEdit] render end
08-08 14:12:57.772 25124  3957 I egui-showcase: egui_android_ui::widgets::text_edit: [TextEdit] render end
08-08 14:12:57.772 25124  3957 I egui-showcase: egui_android_ui::widgets::text_edit: [TextEdit] render end
08-08 14:12:57.772 25124  3957 I egui-showcase: egui_android_ui::widgets::text_edit: [TextEdit] render end
08-08 14:12:57.773 25124  3957 I egui-showcase: egui_android_platform_android::r#loop: LOOP: frame() вернулся
08-08 14:12:57.773 25124  3957 I egui-showcase: egui_android_platform_android::ime_jni: LOOP-JNI: update_cursor_rect enter [173,528,183,587]
08-08 14:12:57.774 25124  3957 I EguiActivity: updateCursorRect: [173, 528, 183, 587]
08-08 14:12:57.774 25124  3957 I egui-showcase: egui_android_platform_android::ime_jni: LOOP-JNI: update_cursor_rect exit
08-08 14:12:57.774 25124  3957 I egui-showcase: egui_android_platform_android::r#loop: LOOP: repaint_delay = 0ns (had_events=true, had_notify=false, событий в кадре=0)
08-08 14:12:57.774 25124  3957 I egui-showcase: egui_android_platform_android::r#loop: LOOP: render_frame begin (w=1280 h=2772)
08-08 14:12:57.774 25124  3957 I egui-showcase: egui_android_platform_android::graphics: render_frame: GL setup done
08-08 14:12:57.775 25124  3957 I egui-showcase: egui_android_platform_android::graphics: render_frame: tessellate done, primitives=18
08-08 14:12:57.775 25124  3957 I egui-showcase: egui_android_platform_android::graphics: render_frame: paint done
08-08 14:12:57.775 25124  3957 I egui-showcase: egui_android_platform_android::egl_backend: EglState: swap_buffers begin
08-08 14:12:57.777 25124  3957 I egui-showcase: egui_android_platform_android::egl_backend: EglState: swap_buffers end
08-08 14:12:57.777 25124  3957 I egui-showcase: egui_android_platform_android::r#loop: LOOP: render_frame end success=true
08-08 14:12:57.786 25124  3957 I egui-showcase: egui_android_ui::widgets::text_edit: [TextEdit] id=Id::new(3503992919194884473) has_focus=true gained=false lost=false changed=true buffer="привет"
08-08 14:12:57.786 25124  3957 I egui-showcase: egui_android_ui::widgets::text_edit: [TextEdit] publish_editor_state enter Id::new(3503992919194884473)
08-08 14:12:57.786 25124  3957 I egui-showcase: egui_android_ui::widgets::text_edit: [TextEdit] publish_editor_state exit Id::new(3503992919194884473)
08-08 14:12:57.787 25124  3957 I egui-showcase: egui_android_ui::widgets::text_edit: [TextEdit] enter changed-block, buffer="привет"
08-08 14:12:57.787 25124  3957 I egui-showcase: egui_android_ui::widgets::text_edit: [TextEdit] buffer cloned: "привет"
08-08 14:12:57.787 25124  3957 I egui-showcase: egui_android_ui::widgets::text_edit: [TextEdit] calling on_changed
08-08 14:12:57.787 25124  3957 I egui-showcase: egui_android_ui::remember: RememberState.set: begin, id=Id::new(("FFFF", "__top_ui")).with(IdSalt::new("child")).with(IdSalt::new("child")).with(IdSalt::new("child")).with(IdSalt::new("child")).with("te_email")
08-08 14:12:57.787 25124  3957 I egui-showcase: egui_android_ui::remember: RememberState.set: write done
08-08 14:12:57.787 25124  3957 I egui-showcase: egui_android_ui::remember: RememberState.set: persist done
08-08 14:12:57.787 25124  3957 I egui-showcase: egui_android_ui::remember: RememberState.set: end
08-08 14:12:57.787 25124  3957 I egui-showcase: egui_android_ui::widgets::text_edit: [TextEdit] on_changed done
08-08 14:12:57.787 25124  3957 I egui-showcase: egui_android_ui::widgets::text_edit: [TextEdit] changed-block done
08-08 14:12:57.787 25124  3957 I egui-showcase: egui_android_ui::widgets::text_edit: [TextEdit] render end
08-08 14:12:57.787 25124  3957 I egui-showcase: egui_android_ui::widgets::text_edit: [TextEdit] render end
08-08 14:12:57.787 25124  3957 I egui-showcase: egui_android_ui::widgets::text_edit: [TextEdit] render end
08-08 14:12:57.787 25124  3957 I egui-showcase: egui_android_ui::widgets::text_edit: [TextEdit] render end
08-08 14:12:57.787 25124  3957 I egui-showcase: egui_android_ui::widgets::text_edit: [TextEdit] render end
08-08 14:12:57.787 25124  3957 I egui-showcase: egui_android_platform_android::r#loop: LOOP: frame() вернулся
08-08 14:12:57.787 25124  3957 I egui-showcase: egui_android_platform_android::ime_jni: LOOP-JNI: update_cursor_rect enter [192,528,202,587]
08-08 14:12:57.788 25124  3957 I EguiActivity: updateCursorRect: [192, 528, 202, 587]
08-08 14:12:57.788 25124  3957 I egui-showcase: egui_android_platform_android::ime_jni: LOOP-JNI: update_cursor_rect exit
08-08 14:12:57.788 25124  3957 I egui-showcase: egui_android_platform_android::r#loop: LOOP: repaint_delay = 0ns (had_events=false, had_notify=false, событий в кадре=1)
08-08 14:12:57.788 25124  3957 I egui-showcase: egui_android_platform_android::r#loop: LOOP: render_frame begin (w=1280 h=2772)
08-08 14:12:57.788 25124  3957 I egui-showcase: egui_android_platform_android::graphics: render_frame: GL setup done
08-08 14:12:57.788 25124  3957 I egui-showcase: egui_android_platform_android::graphics: render_frame: tessellate done, primitives=18
08-08 14:12:57.788 25124  3957 I egui-showcase: egui_android_platform_android::graphics: render_frame: paint done
08-08 14:12:57.788 25124  3957 I egui-showcase: egui_android_platform_android::egl_backend: EglState: swap_buffers begin
08-08 14:12:57.789 25124  3957 I egui-showcase: egui_android_platform_android::egl_backend: EglState: swap_buffers end
08-08 14:12:57.789 25124  3957 I egui-showcase: egui_android_platform_android::r#loop: LOOP: render_frame end success=true
08-08 14:12:57.803 25124  3957 I egui-showcase: egui_android_ui::widgets::text_edit: [TextEdit] publish_editor_state enter Id::new(3503992919194884473)
08-08 14:12:57.803 25124  3957 I egui-showcase: egui_android_ui::widgets::text_edit: [TextEdit] publish_editor_state exit Id::new(3503992919194884473)
08-08 14:12:57.803 25124  3957 I egui-showcase: egui_android_ui::widgets::text_edit: [TextEdit] render end
08-08 14:12:57.803 25124  3957 I egui-showcase: egui_android_ui::widgets::text_edit: [TextEdit] render end
08-08 14:12:57.803 25124  3957 I egui-showcase: egui_android_ui::widgets::text_edit: [TextEdit] render end
08-08 14:12:57.803 25124  3957 I egui-showcase: egui_android_ui::widgets::text_edit: [TextEdit] render end
08-08 14:12:57.803 25124  3957 I egui-showcase: egui_android_ui::widgets::text_edit: [TextEdit] render end
08-08 14:12:57.804 25124  3957 I egui-showcase: egui_android_platform_android::r#loop: LOOP: frame() вернулся
08-08 14:12:57.804 25124  3957 I egui-showcase: egui_android_platform_android::ime_jni: LOOP-JNI: update_cursor_rect enter [192,528,202,587]
08-08 14:12:57.804 25124  3957 I EguiActivity: updateCursorRect: [192, 528, 202, 587]
08-08 14:12:57.804 25124  3957 I egui-showcase: egui_android_platform_android::ime_jni: LOOP-JNI: update_cursor_rect exit
08-08 14:12:57.804 25124  3957 I egui-showcase: egui_android_platform_android::r#loop: LOOP: repaint_delay = 0ns (had_events=false, had_notify=false, событий в кадре=0)
08-08 14:12:57.804 25124  3957 I egui-showcase: egui_android_platform_android::r#loop: LOOP: render_frame begin (w=1280 h=2772)
08-08 14:12:57.804 25124  3957 I egui-showcase: egui_android_platform_android::graphics: render_frame: GL setup done
08-08 14:12:57.804 25124  3957 I egui-showcase: egui_android_platform_android::graphics: render_frame: tessellate done, primitives=18
08-08 14:12:57.804 25124  3957 I egui-showcase: egui_android_platform_android::graphics: render_frame: paint done
08-08 14:12:57.804 25124  3957 I egui-showcase: egui_android_platform_android::egl_backend: EglState: swap_buffers begin
08-08 14:12:57.805 25124  3957 I egui-showcase: egui_android_platform_android::egl_backend: EglState: swap_buffers end
08-08 14:12:57.805 25124  3957 I egui-showcase: egui_android_platform_android::r#loop: LOOP: render_frame end success=true
08-08 14:12:57.819 25124  3957 I egui-showcase: egui_android_ui::widgets::text_edit: [TextEdit] publish_editor_state enter Id::new(3503992919194884473)
08-08 14:12:57.819 25124  3957 I egui-showcase: egui_android_ui::widgets::text_edit: [TextEdit] publish_editor_state exit Id::new(3503992919194884473)
08-08 14:12:57.819 25124  3957 I egui-showcase: egui_android_ui::widgets::text_edit: [TextEdit] render end
08-08 14:12:57.820 25124  3957 I egui-showcase: egui_android_ui::widgets::text_edit: [TextEdit] render end
08-08 14:12:57.820 25124  3957 I egui-showcase: egui_android_ui::widgets::text_edit: [TextEdit] render end
08-08 14:12:57.820 25124  3957 I egui-showcase: egui_android_ui::widgets::text_edit: [TextEdit] render end
08-08 14:12:57.820 25124  3957 I egui-showcase: egui_android_ui::widgets::text_edit: [TextEdit] render end
08-08 14:12:57.820 25124  3957 I egui-showcase: egui_android_platform_android::r#loop: LOOP: frame() вернулся
08-08 14:12:57.820 25124  3957 I egui-showcase: egui_android_platform_android::ime_jni: LOOP-JNI: update_cursor_rect enter [192,528,202,587]
08-08 14:12:57.820 25124  3957 I EguiActivity: updateCursorRect: [192, 528, 202, 587]
08-08 14:12:57.820 25124  3957 I egui-showcase: egui_android_platform_android::ime_jni: LOOP-JNI: update_cursor_rect exit
08-08 14:12:57.820 25124  3957 I egui-showcase: egui_android_platform_android::r#loop: LOOP: repaint_delay = 449.998362ms (had_events=false, had_notify=false, событий в кадре=0)
08-08 14:12:57.820 25124  3957 I egui-showcase: egui_android_platform_android::r#loop: LOOP: render_frame begin (w=1280 h=2772)
08-08 14:12:57.821 25124  3957 I egui-showcase: egui_android_platform_android::graphics: render_frame: GL setup done
08-08 14:12:57.821 25124  3957 I egui-showcase: egui_android_platform_android::graphics: render_frame: tessellate done, primitives=18
08-08 14:12:57.821 25124  3957 I egui-showcase: egui_android_platform_android::graphics: render_frame: paint done
08-08 14:12:57.821 25124  3957 I egui-showcase: egui_android_platform_android::egl_backend: EglState: swap_buffers begin
08-08 14:12:57.821 25124  3957 I egui-showcase: egui_android_platform_android::egl_backend: EglState: swap_buffers end
08-08 14:12:57.821 25124  3957 I egui-showcase: egui_android_platform_android::r#loop: LOOP: render_frame end success=true
08-08 14:12:58.273 25124  3957 I egui-showcase: egui_android_ui::widgets::text_edit: [TextEdit] publish_editor_state enter Id::new(3503992919194884473)
08-08 14:12:58.273 25124  3957 I egui-showcase: egui_android_ui::widgets::text_edit: [TextEdit] publish_editor_state exit Id::new(3503992919194884473)
08-08 14:12:58.273 25124  3957 I egui-showcase: egui_android_ui::widgets::text_edit: [TextEdit] render end
08-08 14:12:58.273 25124  3957 I egui-showcase: egui_android_ui::widgets::text_edit: [TextEdit] render end
08-08 14:12:58.273 25124  3957 I egui-showcase: egui_android_ui::widgets::text_edit: [TextEdit] render end
08-08 14:12:58.274 25124  3957 I egui-showcase: egui_android_ui::widgets::text_edit: [TextEdit] render end
08-08 14:12:58.274 25124  3957 I egui-showcase: egui_android_ui::widgets::text_edit: [TextEdit] render end
08-08 14:12:58.275 25124  3957 I egui-showcase: egui_android_platform_android::r#loop: LOOP: frame() вернулся
08-08 14:12:58.275 25124  3957 I egui-showcase: egui_android_platform_android::ime_jni: LOOP-JNI: update_cursor_rect enter [192,528,202,587]
08-08 14:12:58.275 25124  3957 I EguiActivity: updateCursorRect: [192, 528, 202, 587]
08-08 14:12:58.275 25124  3957 I egui-showcase: egui_android_platform_android::ime_jni: LOOP-JNI: update_cursor_rect exit
08-08 14:12:58.275 25124  3957 I egui-showcase: egui_android_platform_android::r#loop: LOOP: repaint_delay = 0ns (had_events=false, had_notify=false, событий в кадре=0)
08-08 14:12:58.276 25124  3957 I egui-showcase: egui_android_platform_android::r#loop: LOOP: render_frame begin (w=1280 h=2772)
08-08 14:12:58.276 25124  3957 I egui-showcase: egui_android_platform_android::graphics: render_frame: GL setup done
08-08 14:12:58.276 25124  3957 I egui-showcase: egui_android_platform_android::graphics: render_frame: tessellate done, primitives=18
08-08 14:12:58.276 25124  3957 I egui-showcase: egui_android_platform_android::graphics: render_frame: paint done
08-08 14:12:58.276 25124  3957 I egui-showcase: egui_android_platform_android::egl_backend: EglState: swap_buffers begin
08-08 14:12:58.277 25124  3957 I egui-showcase: egui_android_platform_android::egl_backend: EglState: swap_buffers end
08-08 14:12:58.277 25124  3957 I egui-showcase: egui_android_platform_android::r#loop: LOOP: render_frame end success=true
08-08 14:12:58.289 25124  3957 I egui-showcase: egui_android_ui::widgets::text_edit: [TextEdit] publish_editor_state enter Id::new(3503992919194884473)
08-08 14:12:58.289 25124  3957 I egui-showcase: egui_android_ui::widgets::text_edit: [TextEdit] publish_editor_state exit Id::new(3503992919194884473)
08-08 14:12:58.289 25124  3957 I egui-showcase: egui_android_ui::widgets::text_edit: [TextEdit] render end
08-08 14:12:58.289 25124  3957 I egui-showcase: egui_android_ui::widgets::text_edit: [TextEdit] render end
08-08 14:12:58.289 25124  3957 I egui-showcase: egui_android_ui::widgets::text_edit: [TextEdit] render end
08-08 14:12:58.289 25124  3957 I egui-showcase: egui_android_ui::widgets::text_edit: [TextEdit] render end
08-08 14:12:58.290 25124  3957 I egui-showcase: egui_android_ui::widgets::text_edit: [TextEdit] render end
08-08 14:12:58.290 25124  3957 I egui-showcase: egui_android_platform_android::r#loop: LOOP: frame() вернулся
08-08 14:12:58.290 25124  3957 I egui-showcase: egui_android_platform_android::ime_jni: LOOP-JNI: update_cursor_rect enter [192,528,202,587]
08-08 14:12:58.290 25124  3957 I EguiActivity: updateCursorRect: [192, 528, 202, 587]
08-08 14:12:58.290 25124  3957 I egui-showcase: egui_android_platform_android::ime_jni: LOOP-JNI: update_cursor_rect exit
08-08 14:12:58.290 25124  3957 I egui-showcase: egui_android_platform_android::r#loop: LOOP: repaint_delay = 480.636103ms (had_events=false, had_notify=false, событий в кадре=0)
08-08 14:12:58.290 25124  3957 I egui-showcase: egui_android_platform_android::r#loop: LOOP: render_frame begin (w=1280 h=2772)
08-08 14:12:58.291 25124  3957 I egui-showcase: egui_android_platform_android::graphics: render_frame: GL setup done
08-08 14:12:58.291 25124  3957 I egui-showcase: egui_android_platform_android::graphics: render_frame: tessellate done, primitives=18
08-08 14:12:58.291 25124  3957 I egui-showcase: egui_android_platform_android::graphics: render_frame: paint done
08-08 14:12:58.291 25124  3957 I egui-showcase: egui_android_platform_android::egl_backend: EglState: swap_buffers begin
08-08 14:12:58.292 25124  3957 I egui-showcase: egui_android_platform_android::egl_backend: EglState: swap_buffers end
08-08 14:12:58.292 25124  3957 I egui-showcase: egui_android_platform_android::r#loop: LOOP: render_frame end success=true
08-08 14:12:58.776 25124  3957 I egui-showcase: egui_android_ui::widgets::text_edit: [TextEdit] publish_editor_state enter Id::new(3503992919194884473)
08-08 14:12:58.776 25124  3957 I egui-showcase: egui_android_ui::widgets::text_edit: [TextEdit] publish_editor_state exit Id::new(3503992919194884473)
08-08 14:12:58.776 25124  3957 I egui-showcase: egui_android_ui::widgets::text_edit: [TextEdit] render end
08-08 14:12:58.776 25124  3957 I egui-showcase: egui_android_ui::widgets::text_edit: [TextEdit] render end
08-08 14:12:58.777 25124  3957 I egui-showcase: egui_android_ui::widgets::text_edit: [TextEdit] render end
08-08 14:12:58.777 25124  3957 I egui-showcase: egui_android_ui::widgets::text_edit: [TextEdit] render end
08-08 14:12:58.777 25124  3957 I egui-showcase: egui_android_ui::widgets::text_edit: [TextEdit] render end
08-08 14:12:58.778 25124  3957 I egui-showcase: egui_android_platform_android::r#loop: LOOP: frame() вернулся
08-08 14:12:58.779 25124  3957 I egui-showcase: egui_android_platform_android::ime_jni: LOOP-JNI: update_cursor_rect enter [192,528,202,587]
08-08 14:12:58.779 25124  3957 I EguiActivity: updateCursorRect: [192, 528, 202, 587]
08-08 14:12:58.779 25124  3957 I egui-showcase: egui_android_platform_android::ime_jni: LOOP-JNI: update_cursor_rect exit
08-08 14:12:58.779 25124  3957 I egui-showcase: egui_android_platform_android::r#loop: LOOP: repaint_delay = 0ns (had_events=false, had_notify=false, событий в кадре=0)
08-08 14:12:58.779 25124  3957 I egui-showcase: egui_android_platform_android::r#loop: LOOP: render_frame begin (w=1280 h=2772)
08-08 14:12:58.780 25124  3957 I egui-showcase: egui_android_platform_android::graphics: render_frame: GL setup done
08-08 14:12:58.780 25124  3957 I egui-showcase: egui_android_platform_android::graphics: render_frame: tessellate done, primitives=18
08-08 14:12:58.780 25124  3957 I egui-showcase: egui_android_platform_android::graphics: render_frame: paint done
08-08 14:12:58.780 25124  3957 I egui-showcase: egui_android_platform_android::egl_backend: EglState: swap_buffers begin
08-08 14:12:58.781 25124  3957 I egui-showcase: egui_android_platform_android::egl_backend: EglState: swap_buffers end
08-08 14:12:58.781 25124  3957 I egui-showcase: egui_android_platform_android::r#loop: LOOP: render_frame end success=true
08-08 14:12:58.791 25124  3957 I egui-showcase: egui_android_ui::widgets::text_edit: [TextEdit] publish_editor_state enter Id::new(3503992919194884473)
08-08 14:12:58.791 25124  3957 I egui-showcase: egui_android_ui::widgets::text_edit: [TextEdit] publish_editor_state exit Id::new(3503992919194884473)
08-08 14:12:58.791 25124  3957 I egui-showcase: egui_android_ui::widgets::text_edit: [TextEdit] render end
08-08 14:12:58.791 25124  3957 I egui-showcase: egui_android_ui::widgets::text_edit: [TextEdit] render end
08-08 14:12:58.792 25124  3957 I egui-showcase: egui_android_ui::widgets::text_edit: [TextEdit] render end
08-08 14:12:58.792 25124  3957 I egui-showcase: egui_android_ui::widgets::text_edit: [TextEdit] render end
08-08 14:12:58.792 25124  3957 I egui-showcase: egui_android_ui::widgets::text_edit: [TextEdit] render end
08-08 14:12:58.792 25124  3957 I egui-showcase: egui_android_platform_android::r#loop: LOOP: frame() вернулся
08-08 14:12:58.792 25124  3957 I egui-showcase: egui_android_platform_android::ime_jni: LOOP-JNI: update_cursor_rect enter [192,528,202,587]
08-08 14:12:58.792 25124  3957 I EguiActivity: updateCursorRect: [192, 528, 202, 587]
08-08 14:12:58.792 25124  3957 I egui-showcase: egui_android_platform_android::ime_jni: LOOP-JNI: update_cursor_rect exit
08-08 14:12:58.792 25124  3957 I egui-showcase: egui_android_platform_android::r#loop: LOOP: repaint_delay = 478.157265ms (had_events=false, had_notify=false, событий в кадре=0)
08-08 14:12:58.792 25124  3957 I egui-showcase: egui_android_platform_android::r#loop: LOOP: render_frame begin (w=1280 h=2772)
08-08 14:12:58.793 25124  3957 I egui-showcase: egui_android_platform_android::graphics: render_frame: GL setup done
08-08 14:12:58.793 25124  3957 I egui-showcase: egui_android_platform_android::graphics: render_frame: tessellate done, primitives=18
08-08 14:12:58.793 25124  3957 I egui-showcase: egui_android_platform_android::graphics: render_frame: paint done
08-08 14:12:58.793 25124  3957 I egui-showcase: egui_android_platform_android::egl_backend: EglState: swap_buffers begin
08-08 14:12:58.793 25124  3957 I egui-showcase: egui_android_platform_android::egl_backend: EglState: swap_buffers end
08-08 14:12:58.793 25124  3957 I egui-showcase: egui_android_platform_android::r#loop: LOOP: render_frame end success=true
08-08 14:12:59.045 25124 25124 I EguiImeView: commitText: ' ' (thread=main)
08-08 14:12:59.045 25124 25124 I egui-showcase: egui_android_platform_android::ime_jni: IME-JNI: commitText -> " "
08-08 14:12:59.045 25124 25124 I egui-showcase: egui_android_platform_android::ime_jni: IME-JNI: push_cmd enter (thread=<no-name>)
08-08 14:12:59.045 25124 25124 I egui-showcase: egui_android_platform_android::ime_jni: IME-JNI: push_cmd exit (thread=<no-name>)
08-08 14:12:59.272 25124  3957 I egui-showcase: egui_android_platform_android::r#loop: LOOP: IME-команд на этом кадре: 1
08-08 14:12:59.272 25124  3957 I egui-showcase: egui_android_platform_android::input_processing: IME: commitText -> " " (ImeEvent::Commit, next frame)
08-08 14:12:59.273 25124  3957 I egui-showcase: egui_android_ui::widgets::text_edit: [TextEdit] publish_editor_state enter Id::new(3503992919194884473)
08-08 14:12:59.273 25124  3957 I egui-showcase: egui_android_ui::widgets::text_edit: [TextEdit] publish_editor_state exit Id::new(3503992919194884473)
08-08 14:12:59.273 25124  3957 I egui-showcase: egui_android_ui::widgets::text_edit: [TextEdit] render end
08-08 14:12:59.274 25124  3957 I egui-showcase: egui_android_ui::widgets::text_edit: [TextEdit] render end
08-08 14:12:59.274 25124  3957 I egui-showcase: egui_android_ui::widgets::text_edit: [TextEdit] render end
08-08 14:12:59.275 25124  3957 I egui-showcase: egui_android_ui::widgets::text_edit: [TextEdit] render end
08-08 14:12:59.275 25124  3957 I egui-showcase: egui_android_ui::widgets::text_edit: [TextEdit] render end
08-08 14:12:59.276 25124  3957 I egui-showcase: egui_android_platform_android::r#loop: LOOP: frame() вернулся
08-08 14:12:59.276 25124  3957 I egui-showcase: egui_android_platform_android::ime_jni: LOOP-JNI: update_cursor_rect enter [192,528,202,587]
08-08 14:12:59.276 25124  3957 I EguiActivity: updateCursorRect: [192, 528, 202, 587]
08-08 14:12:59.276 25124  3957 I egui-showcase: egui_android_platform_android::ime_jni: LOOP-JNI: update_cursor_rect exit
08-08 14:12:59.276 25124  3957 I egui-showcase: egui_android_platform_android::r#loop: LOOP: repaint_delay = 0ns (had_events=true, had_notify=false, событий в кадре=0)
08-08 14:12:59.276 25124  3957 I egui-showcase: egui_android_platform_android::r#loop: LOOP: render_frame begin (w=1280 h=2772)
08-08 14:12:59.276 25124  3957 I egui-showcase: egui_android_platform_android::graphics: render_frame: GL setup done
08-08 14:12:59.277 25124  3957 I egui-showcase: egui_android_platform_android::graphics: render_frame: tessellate done, primitives=18
08-08 14:12:59.277 25124  3957 I egui-showcase: egui_android_platform_android::graphics: render_frame: paint done
08-08 14:12:59.277 25124  3957 I egui-showcase: egui_android_platform_android::egl_backend: EglState: swap_buffers begin
08-08 14:12:59.278 25124  3957 I egui-showcase: egui_android_platform_android::egl_backend: EglState: swap_buffers end
08-08 14:12:59.279 25124  3957 I egui-showcase: egui_android_platform_android::r#loop: LOOP: render_frame end success=true
08-08 14:12:59.290 25124  3957 I egui-showcase: egui_android_ui::widgets::text_edit: [TextEdit] id=Id::new(3503992919194884473) has_focus=true gained=false lost=false changed=true buffer="привет "
08-08 14:12:59.291 25124  3957 I egui-showcase: egui_android_ui::widgets::text_edit: [TextEdit] publish_editor_state enter Id::new(3503992919194884473)
08-08 14:12:59.291 25124  3957 I egui-showcase: egui_android_ui::widgets::text_edit: [TextEdit] publish_editor_state exit Id::new(3503992919194884473)
08-08 14:12:59.291 25124  3957 I egui-showcase: egui_android_ui::widgets::text_edit: [TextEdit] enter changed-block, buffer="привет "
08-08 14:12:59.291 25124  3957 I egui-showcase: egui_android_ui::widgets::text_edit: [TextEdit] buffer cloned: "привет "
08-08 14:12:59.291 25124  3957 I egui-showcase: egui_android_ui::widgets::text_edit: [TextEdit] calling on_changed
08-08 14:12:59.291 25124  3957 I egui-showcase: egui_android_ui::remember: RememberState.set: begin, id=Id::new(("FFFF", "__top_ui")).with(IdSalt::new("child")).with(IdSalt::new("child")).with(IdSalt::new("child")).with(IdSalt::new("child")).with("te_email")
08-08 14:12:59.291 25124  3957 I egui-showcase: egui_android_ui::remember: RememberState.set: write done
08-08 14:12:59.291 25124  3957 I egui-showcase: egui_android_ui::remember: RememberState.set: persist done
08-08 14:12:59.291 25124  3957 I egui-showcase: egui_android_ui::remember: RememberState.set: end
08-08 14:12:59.291 25124  3957 I egui-showcase: egui_android_ui::widgets::text_edit: [TextEdit] on_changed done
08-08 14:12:59.291 25124  3957 I egui-showcase: egui_android_ui::widgets::text_edit: [TextEdit] changed-block done
08-08 14:12:59.291 25124  3957 I egui-showcase: egui_android_ui::widgets::text_edit: [TextEdit] render end
08-08 14:12:59.291 25124  3957 I egui-showcase: egui_android_ui::widgets::text_edit: [TextEdit] render end
08-08 14:12:59.291 25124  3957 I egui-showcase: egui_android_ui::widgets::text_edit: [TextEdit] render end
08-08 14:12:59.291 25124  3957 I egui-showcase: egui_android_ui::widgets::text_edit: [TextEdit] render end
08-08 14:12:59.292 25124  3957 I egui-showcase: egui_android_ui::widgets::text_edit: [TextEdit] render end
08-08 14:12:59.292 25124  3957 I egui-showcase: egui_android_platform_android::r#loop: LOOP: frame() вернулся
08-08 14:12:59.292 25124  3957 I egui-showcase: egui_android_platform_android::ime_jni: LOOP-JNI: update_cursor_rect enter [201,528,211,587]
08-08 14:12:59.292 25124  3957 I EguiActivity: updateCursorRect: [201, 528, 211, 587]
08-08 14:12:59.292 25124  3957 I egui-showcase: egui_android_platform_android::ime_jni: LOOP-JNI: update_cursor_rect exit
08-08 14:12:59.292 25124  3957 I egui-showcase: egui_android_platform_android::r#loop: LOOP: repaint_delay = 0ns (had_events=false, had_notify=false, событий в кадре=1)
08-08 14:12:59.292 25124  3957 I egui-showcase: egui_android_platform_android::r#loop: LOOP: render_frame begin (w=1280 h=2772)
08-08 14:12:59.292 25124  3957 I egui-showcase: egui_android_platform_android::graphics: render_frame: GL setup done
08-08 14:12:59.293 25124  3957 I egui-showcase: egui_android_platform_android::graphics: render_frame: tessellate done, primitives=18
08-08 14:12:59.293 25124  3957 I egui-showcase: egui_android_platform_android::graphics: render_frame: paint done
08-08 14:12:59.293 25124  3957 I egui-showcase: egui_android_platform_android::egl_backend: EglState: swap_buffers begin
08-08 14:12:59.293 25124  3957 I egui-showcase: egui_android_platform_android::egl_backend: EglState: swap_buffers end
08-08 14:12:59.293 25124  3957 I egui-showcase: egui_android_platform_android::r#loop: LOOP: render_frame end success=true
08-08 14:12:59.306 25124  3957 I egui-showcase: egui_android_ui::widgets::text_edit: [TextEdit] publish_editor_state enter Id::new(3503992919194884473)
08-08 14:12:59.306 25124  3957 I egui-showcase: egui_android_ui::widgets::text_edit: [TextEdit] publish_editor_state exit Id::new(3503992919194884473)
08-08 14:12:59.306 25124  3957 I egui-showcase: egui_android_ui::widgets::text_edit: [TextEdit] render end
08-08 14:12:59.306 25124  3957 I egui-showcase: egui_android_ui::widgets::text_edit: [TextEdit] render end
08-08 14:12:59.306 25124  3957 I egui-showcase: egui_android_ui::widgets::text_edit: [TextEdit] render end
08-08 14:12:59.307 25124  3957 I egui-showcase: egui_android_ui::widgets::text_edit: [TextEdit] render end
08-08 14:12:59.307 25124  3957 I egui-showcase: egui_android_ui::widgets::text_edit: [TextEdit] render end
08-08 14:12:59.307 25124  3957 I egui-showcase: egui_android_platform_android::r#loop: LOOP: frame() вернулся
08-08 14:12:59.307 25124  3957 I egui-showcase: egui_android_platform_android::ime_jni: LOOP-JNI: update_cursor_rect enter [201,528,211,587]
08-08 14:12:59.307 25124  3957 I EguiActivity: updateCursorRect: [201, 528, 211, 587]
08-08 14:12:59.307 25124  3957 I egui-showcase: egui_android_platform_android::ime_jni: LOOP-JNI: update_cursor_rect exit
08-08 14:12:59.307 25124  3957 I egui-showcase: egui_android_platform_android::r#loop: LOOP: repaint_delay = 0ns (had_events=false, had_notify=false, событий в кадре=0)
08-08 14:12:59.307 25124  3957 I egui-showcase: egui_android_platform_android::r#loop: LOOP: render_frame begin (w=1280 h=2772)
08-08 14:12:59.307 25124  3957 I egui-showcase: egui_android_platform_android::graphics: render_frame: GL setup done
08-08 14:12:59.308 25124  3957 I egui-showcase: egui_android_platform_android::graphics: render_frame: tessellate done, primitives=18
08-08 14:12:59.308 25124  3957 I egui-showcase: egui_android_platform_android::graphics: render_frame: paint done
08-08 14:12:59.308 25124  3957 I egui-showcase: egui_android_platform_android::egl_backend: EglState: swap_buffers begin
08-08 14:12:59.308 25124  3957 I egui-showcase: egui_android_platform_android::egl_backend: EglState: swap_buffers end
08-08 14:12:59.308 25124  3957 I egui-showcase: egui_android_platform_android::r#loop: LOOP: render_frame end success=true
08-08 14:12:59.323 25124  3957 I egui-showcase: egui_android_ui::widgets::text_edit: [TextEdit] publish_editor_state enter Id::new(3503992919194884473)
08-08 14:12:59.323 25124  3957 I egui-showcase: egui_android_ui::widgets::text_edit: [TextEdit] publish_editor_state exit Id::new(3503992919194884473)
08-08 14:12:59.323 25124  3957 I egui-showcase: egui_android_ui::widgets::text_edit: [TextEdit] render end
08-08 14:12:59.323 25124  3957 I egui-showcase: egui_android_ui::widgets::text_edit: [TextEdit] render end
08-08 14:12:59.323 25124  3957 I egui-showcase: egui_android_ui::widgets::text_edit: [TextEdit] render end
08-08 14:12:59.323 25124  3957 I egui-showcase: egui_android_ui::widgets::text_edit: [TextEdit] render end
08-08 14:12:59.323 25124  3957 I egui-showcase: egui_android_ui::widgets::text_edit: [TextEdit] render end
08-08 14:12:59.324 25124  3957 I egui-showcase: egui_android_platform_android::r#loop: LOOP: frame() вернулся
08-08 14:12:59.324 25124  3957 I egui-showcase: egui_android_platform_android::ime_jni: LOOP-JNI: update_cursor_rect enter [201,528,211,587]
08-08 14:12:59.324 25124  3957 I EguiActivity: updateCursorRect: [201, 528, 211, 587]
08-08 14:12:59.324 25124  3957 I egui-showcase: egui_android_platform_android::ime_jni: LOOP-JNI: update_cursor_rect exit
08-08 14:12:59.324 25124  3957 I egui-showcase: egui_android_platform_android::r#loop: LOOP: repaint_delay = 450.012905ms (had_events=false, had_notify=false, событий в кадре=0)
08-08 14:12:59.324 25124  3957 I egui-showcase: egui_android_platform_android::r#loop: LOOP: render_frame begin (w=1280 h=2772)
08-08 14:12:59.324 25124  3957 I egui-showcase: egui_android_platform_android::graphics: render_frame: GL setup done
08-08 14:12:59.324 25124  3957 I egui-showcase: egui_android_platform_android::graphics: render_frame: tessellate done, primitives=18
08-08 14:12:59.324 25124  3957 I egui-showcase: egui_android_platform_android::graphics: render_frame: paint done
08-08 14:12:59.324 25124  3957 I egui-showcase: egui_android_platform_android::egl_backend: EglState: swap_buffers begin
08-08 14:12:59.325 25124  3957 I egui-showcase: egui_android_platform_android::egl_backend: EglState: swap_buffers end
08-08 14:12:59.325 25124  3957 I egui-showcase: egui_android_platform_android::r#loop: LOOP: render_frame end success=true
08-08 14:12:59.778 25124  3957 I egui-showcase: egui_android_ui::widgets::text_edit: [TextEdit] publish_editor_state enter Id::new(3503992919194884473)
08-08 14:12:59.778 25124  3957 I egui-showcase: egui_android_ui::widgets::text_edit: [TextEdit] publish_editor_state exit Id::new(3503992919194884473)
08-08 14:12:59.778 25124  3957 I egui-showcase: egui_android_ui::widgets::text_edit: [TextEdit] render end
08-08 14:12:59.779 25124  3957 I egui-showcase: egui_android_ui::widgets::text_edit: [TextEdit] render end
08-08 14:12:59.779 25124  3957 I egui-showcase: egui_android_ui::widgets::text_edit: [TextEdit] render end
08-08 14:12:59.779 25124  3957 I egui-showcase: egui_android_ui::widgets::text_edit: [TextEdit] render end
08-08 14:12:59.780 25124  3957 I egui-showcase: egui_android_ui::widgets::text_edit: [TextEdit] render end
08-08 14:12:59.781 25124  3957 I egui-showcase: egui_android_platform_android::r#loop: LOOP: frame() вернулся
08-08 14:12:59.781 25124  3957 I egui-showcase: egui_android_platform_android::ime_jni: LOOP-JNI: update_cursor_rect enter [201,528,211,587]
08-08 14:12:59.781 25124  3957 I EguiActivity: updateCursorRect: [201, 528, 211, 587]
08-08 14:12:59.781 25124  3957 I egui-showcase: egui_android_platform_android::ime_jni: LOOP-JNI: update_cursor_rect exit
08-08 14:12:59.781 25124  3957 I egui-showcase: egui_android_platform_android::r#loop: LOOP: repaint_delay = 0ns (had_events=false, had_notify=false, событий в кадре=0)
08-08 14:12:59.781 25124  3957 I egui-showcase: egui_android_platform_android::r#loop: LOOP: render_frame begin (w=1280 h=2772)
08-08 14:12:59.782 25124  3957 I egui-showcase: egui_android_platform_android::graphics: render_frame: GL setup done
08-08 14:12:59.782 25124  3957 I egui-showcase: egui_android_platform_android::graphics: render_frame: tessellate done, primitives=18
08-08 14:12:59.782 25124  3957 I egui-showcase: egui_android_platform_android::graphics: render_frame: paint done
08-08 14:12:59.783 25124  3957 I egui-showcase: egui_android_platform_android::egl_backend: EglState: swap_buffers begin
08-08 14:12:59.784 25124  3957 I egui-showcase: egui_android_platform_android::egl_backend: EglState: swap_buffers end
08-08 14:12:59.784 25124  3957 I egui-showcase: egui_android_platform_android::r#loop: LOOP: render_frame end success=true
08-08 14:12:59.794 25124  3957 I egui-showcase: egui_android_ui::widgets::text_edit: [TextEdit] publish_editor_state enter Id::new(3503992919194884473)
08-08 14:12:59.794 25124  3957 I egui-showcase: egui_android_ui::widgets::text_edit: [TextEdit] publish_editor_state exit Id::new(3503992919194884473)
08-08 14:12:59.794 25124  3957 I egui-showcase: egui_android_ui::widgets::text_edit: [TextEdit] render end
08-08 14:12:59.794 25124  3957 I egui-showcase: egui_android_ui::widgets::text_edit: [TextEdit] render end
08-08 14:12:59.794 25124  3957 I egui-showcase: egui_android_ui::widgets::text_edit: [TextEdit] render end
08-08 14:12:59.794 25124  3957 I egui-showcase: egui_android_ui::widgets::text_edit: [TextEdit] render end
08-08 14:12:59.794 25124  3957 I egui-showcase: egui_android_ui::widgets::text_edit: [TextEdit] render end
08-08 14:12:59.795 25124  3957 I egui-showcase: egui_android_platform_android::r#loop: LOOP: frame() вернулся
08-08 14:12:59.795 25124  3957 I egui-showcase: egui_android_platform_android::ime_jni: LOOP-JNI: update_cursor_rect enter [201,528,211,587]
08-08 14:12:59.795 25124  3957 I EguiActivity: updateCursorRect: [201, 528, 211, 587]
08-08 14:12:59.795 25124  3957 I egui-showcase: egui_android_platform_android::ime_jni: LOOP-JNI: update_cursor_rect exit
08-08 14:12:59.795 25124  3957 I egui-showcase: egui_android_platform_android::r#loop: LOOP: repaint_delay = 478.981955ms (had_events=false, had_notify=false, событий в кадре=0)
08-08 14:12:59.795 25124  3957 I egui-showcase: egui_android_platform_android::r#loop: LOOP: render_frame begin (w=1280 h=2772)
08-08 14:12:59.795 25124  3957 I egui-showcase: egui_android_platform_android::graphics: render_frame: GL setup done
08-08 14:12:59.795 25124  3957 I egui-showcase: egui_android_platform_android::graphics: render_frame: tessellate done, primitives=18
08-08 14:12:59.796 25124  3957 I egui-showcase: egui_android_platform_android::graphics: render_frame: paint done
08-08 14:12:59.796 25124  3957 I egui-showcase: egui_android_platform_android::egl_backend: EglState: swap_buffers begin
08-08 14:12:59.796 25124  3957 I egui-showcase: egui_android_platform_android::egl_backend: EglState: swap_buffers end
08-08 14:12:59.796 25124  3957 I egui-showcase: egui_android_platform_android::r#loop: LOOP: render_frame end success=true
08-08 14:13:00.276 25124  3957 I egui-showcase: egui_android_ui::widgets::text_edit: [TextEdit] publish_editor_state enter Id::new(3503992919194884473)
08-08 14:13:00.277 25124  3957 I egui-showcase: egui_android_ui::widgets::text_edit: [TextEdit] publish_editor_state exit Id::new(3503992919194884473)
08-08 14:13:00.277 25124  3957 I egui-showcase: egui_android_ui::widgets::text_edit: [TextEdit] render end
08-08 14:13:00.277 25124  3957 I egui-showcase: egui_android_ui::widgets::text_edit: [TextEdit] render end
08-08 14:13:00.277 25124  3957 I egui-showcase: egui_android_ui::widgets::text_edit: [TextEdit] render end
08-08 14:13:00.277 25124  3957 I egui-showcase: egui_android_ui::widgets::text_edit: [TextEdit] render end
08-08 14:13:00.278 25124  3957 I egui-showcase: egui_android_ui::widgets::text_edit: [TextEdit] render end
08-08 14:13:00.279 25124  3957 I egui-showcase: egui_android_platform_android::r#loop: LOOP: frame() вернулся
08-08 14:13:00.279 25124  3957 I egui-showcase: egui_android_platform_android::ime_jni: LOOP-JNI: update_cursor_rect enter [201,528,211,587]
08-08 14:13:00.279 25124  3957 I EguiActivity: updateCursorRect: [201, 528, 211, 587]
08-08 14:13:00.279 25124  3957 I egui-showcase: egui_android_platform_android::ime_jni: LOOP-JNI: update_cursor_rect exit
08-08 14:13:00.279 25124  3957 I egui-showcase: egui_android_platform_android::r#loop: LOOP: repaint_delay = 0ns (had_events=false, had_notify=false, событий в кадре=0)
08-08 14:13:00.279 25124  3957 I egui-showcase: egui_android_platform_android::r#loop: LOOP: render_frame begin (w=1280 h=2772)
08-08 14:13:00.279 25124  3957 I egui-showcase: egui_android_platform_android::graphics: render_frame: GL setup done
08-08 14:13:00.280 25124  3957 I egui-showcase: egui_android_platform_android::graphics: render_frame: tessellate done, primitives=18
08-08 14:13:00.280 25124  3957 I egui-showcase: egui_android_platform_android::graphics: render_frame: paint done
08-08 14:13:00.280 25124  3957 I egui-showcase: egui_android_platform_android::egl_backend: EglState: swap_buffers begin
08-08 14:13:00.281 25124  3957 I egui-showcase: egui_android_platform_android::egl_backend: EglState: swap_buffers end
08-08 14:13:00.281 25124  3957 I egui-showcase: egui_android_platform_android::r#loop: LOOP: render_frame end success=true
08-08 14:13:00.293 25124  3957 I egui-showcase: egui_android_ui::widgets::text_edit: [TextEdit] publish_editor_state enter Id::new(3503992919194884473)
08-08 14:13:00.293 25124  3957 I egui-showcase: egui_android_ui::widgets::text_edit: [TextEdit] publish_editor_state exit Id::new(3503992919194884473)
08-08 14:13:00.293 25124  3957 I egui-showcase: egui_android_ui::widgets::text_edit: [TextEdit] render end
08-08 14:13:00.293 25124  3957 I egui-showcase: egui_android_ui::widgets::text_edit: [TextEdit] render end
08-08 14:13:00.293 25124  3957 I egui-showcase: egui_android_ui::widgets::text_edit: [TextEdit] render end
08-08 14:13:00.293 25124  3957 I egui-showcase: egui_android_ui::widgets::text_edit: [TextEdit] render end
08-08 14:13:00.293 25124  3957 I egui-showcase: egui_android_ui::widgets::text_edit: [TextEdit] render end
08-08 14:13:00.294 25124  3957 I egui-showcase: egui_android_platform_android::r#loop: LOOP: frame() вернулся
08-08 14:13:00.294 25124  3957 I egui-showcase: egui_android_platform_android::ime_jni: LOOP-JNI: update_cursor_rect enter [201,528,211,587]
08-08 14:13:00.294 25124  3957 I EguiActivity: updateCursorRect: [201, 528, 211, 587]
08-08 14:13:00.294 25124  3957 I egui-showcase: egui_android_platform_android::ime_jni: LOOP-JNI: update_cursor_rect exit
08-08 14:13:00.294 25124  3957 I egui-showcase: egui_android_platform_android::r#loop: LOOP: repaint_delay = 480.154974ms (had_events=false, had_notify=false, событий в кадре=0)
08-08 14:13:00.294 25124  3957 I egui-showcase: egui_android_platform_android::r#loop: LOOP: render_frame begin (w=1280 h=2772)
08-08 14:13:00.294 25124  3957 I egui-showcase: egui_android_platform_android::graphics: render_frame: GL setup done
08-08 14:13:00.294 25124  3957 I egui-showcase: egui_android_platform_android::graphics: render_frame: tessellate done, primitives=18
08-08 14:13:00.294 25124  3957 I egui-showcase: egui_android_platform_android::graphics: render_frame: paint done
08-08 14:13:00.294 25124  3957 I egui-showcase: egui_android_platform_android::egl_backend: EglState: swap_buffers begin
08-08 14:13:00.295 25124  3957 I egui-showcase: egui_android_platform_android::egl_backend: EglState: swap_buffers end
08-08 14:13:00.295 25124  3957 I egui-showcase: egui_android_platform_android::r#loop: LOOP: render_frame end success=true
08-08 14:13:00.667 25124 25124 I EguiImeView: performEditorAction: '6' (thread=main)
08-08 14:13:00.667 25124 25124 I egui-showcase: egui_android_platform_android::ime_jni: IME-JNI: IME_ACTION_DONE
08-08 14:13:00.668 25124 25124 I egui-showcase: egui_android_platform_android::ime_jni: IME-JNI: push_cmd enter (thread=<no-name>)
08-08 14:13:00.668 25124 25124 I egui-showcase: egui_android_platform_android::ime_jni: IME-JNI: push_cmd exit (thread=<no-name>)
08-08 14:13:00.776 25124  3957 I egui-showcase: egui_android_platform_android::r#loop: LOOP: IME-команд на этом кадре: 1
08-08 14:13:00.776 25124  3957 I egui-showcase: egui_android_platform_android::input_processing: IME: IME_ACTION_DONE
08-08 14:13:00.776 25124  3957 I egui-showcase: egui_android_platform_android::r#loop: LOOP: IME Done — закрываем клавиатуру (EguiImeView)
08-08 14:13:00.776 25124  3957 I egui-showcase: egui_android_platform_android::ime_jni: LOOP-JNI: hide_soft_input enter
08-08 14:13:00.779 25124  3957 I EguiActivity: hideSoftInputForIme: скрыта
08-08 14:13:00.779 25124  3957 I egui-showcase: egui_android_platform_android::ime_jni: LOOP-JNI: hide_soft_input exit
08-08 14:13:00.781 25124  3957 I egui-showcase: egui_android_ui::widgets::text_edit: [TextEdit] publish_editor_state enter Id::new(3503992919194884473)
08-08 14:13:00.781 25124  3957 I egui-showcase: egui_android_ui::widgets::text_edit: [TextEdit] publish_editor_state exit Id::new(3503992919194884473)
08-08 14:13:00.781 25124  3957 I egui-showcase: egui_android_ui::widgets::text_edit: [TextEdit] render end
08-08 14:13:00.781 25124  3957 I egui-showcase: egui_android_ui::widgets::text_edit: [TextEdit] render end
08-08 14:13:00.782 25124  3957 I egui-showcase: egui_android_ui::widgets::text_edit: [TextEdit] render end
08-08 14:13:00.783 25124  3957 I egui-showcase: egui_android_ui::widgets::text_edit: [TextEdit] render end
08-08 14:13:00.783 25124  3957 I egui-showcase: egui_android_ui::widgets::text_edit: [TextEdit] render end
08-08 14:13:00.784 25124  3957 I egui-showcase: egui_android_platform_android::r#loop: LOOP: frame() вернулся
08-08 14:13:00.784 25124  3957 I egui-showcase: egui_android_platform_android::r#loop: LOOP: ime активна — показать клавиатуру (EguiImeView)
08-08 14:13:00.784 25124  3957 I egui-showcase: egui_android_platform_android::ime_jni: LOOP-JNI: show_soft_input enter
08-08 14:13:00.784 25124  3957 I egui-showcase: Kotlin: showSoftInputForIme begin
08-08 14:13:00.784 25124  3957 I egui-showcase: Kotlin: showSoftInputForIme scheduled
08-08 14:13:00.784 25124  3957 I egui-showcase: egui_android_platform_android::ime_jni: LOOP-JNI: show_soft_input exit
08-08 14:13:00.784 25124  3957 I egui-showcase: egui_android_platform_android::ime_jni: LOOP-JNI: update_cursor_rect enter [201,528,211,587]
08-08 14:13:00.784 25124  3957 I EguiActivity: updateCursorRect: [201, 528, 211, 587]
08-08 14:13:00.784 25124  3957 I egui-showcase: egui_android_platform_android::ime_jni: LOOP-JNI: update_cursor_rect exit
08-08 14:13:00.784 25124  3957 I egui-showcase: egui_android_platform_android::r#loop: LOOP: repaint_delay = 0ns (had_events=true, had_notify=false, событий в кадре=0)
08-08 14:13:00.784 25124  3957 I egui-showcase: egui_android_platform_android::r#loop: LOOP: render_frame begin (w=1280 h=2772)
08-08 14:13:00.784 25124  3957 I egui-showcase: egui_android_platform_android::graphics: render_frame: GL setup done
08-08 14:13:00.785 25124  3957 I egui-showcase: egui_android_platform_android::graphics: render_frame: tessellate done, primitives=18
08-08 14:13:00.785 25124  3957 I egui-showcase: egui_android_platform_android::graphics: render_frame: paint done
08-08 14:13:00.785 25124  3957 I egui-showcase: egui_android_platform_android::egl_backend: EglState: swap_buffers begin
08-08 14:13:00.785 25124  3957 I egui-showcase: egui_android_platform_android::egl_backend: EglState: swap_buffers end
08-08 14:13:00.785 25124  3957 I egui-showcase: egui_android_platform_android::r#loop: LOOP: render_frame end success=true
08-08 14:13:00.788 25124 25124 I egui-showcase: Kotlin: showSoftInput end okFocus=true okShow=true
08-08 14:13:00.796 25124  3957 I egui-showcase: egui_android_ui::widgets::text_edit: [TextEdit] publish_editor_state enter Id::new(3503992919194884473)
08-08 14:13:00.796 25124  3957 I egui-showcase: egui_android_ui::widgets::text_edit: [TextEdit] publish_editor_state exit Id::new(3503992919194884473)
08-08 14:13:00.796 25124  3957 I egui-showcase: egui_android_ui::widgets::text_edit: [TextEdit] render end
08-08 14:13:00.797 25124  3957 I egui-showcase: egui_android_ui::widgets::text_edit: [TextEdit] render end
08-08 14:13:00.797 25124  3957 I egui-showcase: egui_android_ui::widgets::text_edit: [TextEdit] render end
08-08 14:13:00.797 25124  3957 I egui-showcase: egui_android_ui::widgets::text_edit: [TextEdit] render end
08-08 14:13:00.797 25124  3957 I egui-showcase: egui_android_ui::widgets::text_edit: [TextEdit] render end
08-08 14:13:00.797 25124  3957 I egui-showcase: egui_android_platform_android::r#loop: LOOP: frame() вернулся
08-08 14:13:00.797 25124  3957 I egui-showcase: egui_android_platform_android::ime_jni: LOOP-JNI: update_cursor_rect enter [201,528,211,587]
08-08 14:13:00.797 25124  3957 I EguiActivity: updateCursorRect: [201, 528, 211, 587]
08-08 14:13:00.797 25124  3957 I egui-showcase: egui_android_platform_android::ime_jni: LOOP-JNI: update_cursor_rect exit
08-08 14:13:00.797 25124  3957 I egui-showcase: egui_android_platform_android::r#loop: LOOP: repaint_delay = 476.433737ms (had_events=false, had_notify=false, событий в кадре=0)
08-08 14:13:00.797 25124  3957 I egui-showcase: egui_android_platform_android::r#loop: LOOP: render_frame begin (w=1280 h=2772)
08-08 14:13:00.798 25124  3957 I egui-showcase: egui_android_platform_android::graphics: render_frame: GL setup done
08-08 14:13:00.798 25124  3957 I egui-showcase: egui_android_platform_android::graphics: render_frame: tessellate done, primitives=18
08-08 14:13:00.798 25124  3957 I egui-showcase: egui_android_platform_android::graphics: render_frame: paint done
08-08 14:13:00.798 25124  3957 I egui-showcase: egui_android_platform_android::egl_backend: EglState: swap_buffers begin
08-08 14:13:00.798 25124  3957 I egui-showcase: egui_android_platform_android::egl_backend: EglState: swap_buffers end
08-08 14:13:00.798 25124  3957 I egui-showcase: egui_android_platform_android::r#loop: LOOP: render_frame end success=true
08-08 14:13:00.808 25124 25124 I egui-showcase: egui_android_platform_android::ime_jni: IME-JNI: nativeGetTextBeforeCursor enter (thread=<no-name>)
08-08 14:13:00.808 25124 25124 I egui-showcase: egui_android_platform_android::ime_jni: IME-EDIT: current_editor_state enter (thread=<no-name>)
08-08 14:13:00.808 25124 25124 I egui-showcase: egui_android_platform_android::ime_jni: IME-EDIT: current_editor_state exit -> true
08-08 14:13:00.808 25124 25124 I egui-showcase: egui_android_platform_android::ime_jni: IME-EDIT: current_editor_state enter (thread=<no-name>)
08-08 14:13:00.808 25124 25124 I egui-showcase: egui_android_platform_android::ime_jni: IME-EDIT: current_editor_state exit -> true
08-08 14:13:00.808 25124 25124 I egui-showcase: egui_android_platform_android::ime_jni: IME-EDIT: current_editor_state enter (thread=<no-name>)
08-08 14:13:00.809 25124 25124 I egui-showcase: egui_android_platform_android::ime_jni: IME-EDIT: current_editor_state exit -> true
08-08 14:13:00.813 25124 25124 I EguiImeView: finishComposingText: '' (thread=main)
08-08 14:13:01.278 25124  3957 I egui-showcase: egui_android_ui::widgets::text_edit: [TextEdit] publish_editor_state enter Id::new(3503992919194884473)
08-08 14:13:01.278 25124  3957 I egui-showcase: egui_android_ui::widgets::text_edit: [TextEdit] publish_editor_state exit Id::new(3503992919194884473)
08-08 14:13:01.278 25124  3957 I egui-showcase: egui_android_ui::widgets::text_edit: [TextEdit] render end
08-08 14:13:01.279 25124  3957 I egui-showcase: egui_android_ui::widgets::text_edit: [TextEdit] render end
08-08 14:13:01.279 25124  3957 I egui-showcase: egui_android_ui::widgets::text_edit: [TextEdit] render end
08-08 14:13:01.279 25124  3957 I egui-showcase: egui_android_ui::widgets::text_edit: [TextEdit] render end
08-08 14:13:01.280 25124  3957 I egui-showcase: egui_android_ui::widgets::text_edit: [TextEdit] render end
08-08 14:13:01.281 25124  3957 I egui-showcase: egui_android_platform_android::r#loop: LOOP: frame() вернулся
08-08 14:13:01.281 25124  3957 I egui-showcase: egui_android_platform_android::ime_jni: LOOP-JNI: update_cursor_rect enter [201,528,211,587]
08-08 14:13:01.281 25124  3957 I EguiActivity: updateCursorRect: [201, 528, 211, 587]
08-08 14:13:01.281 25124  3957 I egui-showcase: egui_android_platform_android::ime_jni: LOOP-JNI: update_cursor_rect exit
08-08 14:13:01.281 25124  3957 I egui-showcase: egui_android_platform_android::r#loop: LOOP: repaint_delay = 0ns (had_events=false, had_notify=false, событий в кадре=0)
08-08 14:13:01.281 25124  3957 I egui-showcase: egui_android_platform_android::r#loop: LOOP: render_frame begin (w=1280 h=2772)
08-08 14:13:01.281 25124  3957 I egui-showcase: egui_android_platform_android::graphics: render_frame: GL setup done
08-08 14:13:01.282 25124  3957 I egui-showcase: egui_android_platform_android::graphics: render_frame: tessellate done, primitives=18
08-08 14:13:01.282 25124  3957 I egui-showcase: egui_android_platform_android::graphics: render_frame: paint done
08-08 14:13:01.282 25124  3957 I egui-showcase: egui_android_platform_android::egl_backend: EglState: swap_buffers begin
08-08 14:13:01.283 25124  3957 I egui-showcase: egui_android_platform_android::egl_backend: EglState: swap_buffers end
08-08 14:13:01.283 25124  3957 I egui-showcase: egui_android_platform_android::r#loop: LOOP: render_frame end success=true
08-08 14:13:01.294 25124  3957 I egui-showcase: egui_android_ui::widgets::text_edit: [TextEdit] publish_editor_state enter Id::new(3503992919194884473)
08-08 14:13:01.294 25124  3957 I egui-showcase: egui_android_ui::widgets::text_edit: [TextEdit] publish_editor_state exit Id::new(3503992919194884473)
08-08 14:13:01.294 25124  3957 I egui-showcase: egui_android_ui::widgets::text_edit: [TextEdit] render end
08-08 14:13:01.294 25124  3957 I egui-showcase: egui_android_ui::widgets::text_edit: [TextEdit] render end
08-08 14:13:01.294 25124  3957 I egui-showcase: egui_android_ui::widgets::text_edit: [TextEdit] render end
08-08 14:13:01.294 25124  3957 I egui-showcase: egui_android_ui::widgets::text_edit: [TextEdit] render end
08-08 14:13:01.294 25124  3957 I egui-showcase: egui_android_ui::widgets::text_edit: [TextEdit] render end
08-08 14:13:01.295 25124  3957 I egui-showcase: egui_android_platform_android::r#loop: LOOP: frame() вернулся
08-08 14:13:01.295 25124  3957 I egui-showcase: egui_android_platform_android::ime_jni: LOOP-JNI: update_cursor_rect enter [201,528,211,587]
08-08 14:13:01.295 25124  3957 I EguiActivity: updateCursorRect: [201, 528, 211, 587]
08-08 14:13:01.295 25124  3957 I egui-showcase: egui_android_platform_android::ime_jni: LOOP-JNI: update_cursor_rect exit
08-08 14:13:01.295 25124  3957 I egui-showcase: egui_android_platform_android::r#loop: LOOP: repaint_delay = 479.013426ms (had_events=false, had_notify=false, событий в кадре=0)
08-08 14:13:01.295 25124  3957 I egui-showcase: egui_android_platform_android::r#loop: LOOP: render_frame begin (w=1280 h=2772)
08-08 14:13:01.295 25124  3957 I egui-showcase: egui_android_platform_android::graphics: render_frame: GL setup done
08-08 14:13:01.295 25124  3957 I egui-showcase: egui_android_platform_android::graphics: render_frame: tessellate done, primitives=18
08-08 14:13:01.296 25124  3957 I egui-showcase: egui_android_platform_android::graphics: render_frame: paint done
08-08 14:13:01.296 25124  3957 I egui-showcase: egui_android_platform_android::egl_backend: EglState: swap_buffers begin
08-08 14:13:01.296 25124  3957 I egui-showcase: egui_android_platform_android::egl_backend: EglState: swap_buffers end
08-08 14:13:01.296 25124  3957 I egui-showcase: egui_android_platform_android::r#loop: LOOP: render_frame end success=true
08-08 14:13:01.779 25124  3957 I egui-showcase: egui_android_ui::widgets::text_edit: [TextEdit] publish_editor_state enter Id::new(3503992919194884473)
08-08 14:13:01.779 25124  3957 I egui-showcase: egui_android_ui::widgets::text_edit: [TextEdit] publish_editor_state exit Id::new(3503992919194884473)
08-08 14:13:01.779 25124  3957 I egui-showcase: egui_android_ui::widgets::text_edit: [TextEdit] render end
08-08 14:13:01.779 25124  3957 I egui-showcase: egui_android_ui::widgets::text_edit: [TextEdit] render end
08-08 14:13:01.779 25124  3957 I egui-showcase: egui_android_ui::widgets::text_edit: [TextEdit] render end
08-08 14:13:01.780 25124  3957 I egui-showcase: egui_android_ui::widgets::text_edit: [TextEdit] render end
08-08 14:13:01.780 25124  3957 I egui-showcase: egui_android_ui::widgets::text_edit: [TextEdit] render end
08-08 14:13:01.781 25124  3957 I egui-showcase: egui_android_platform_android::r#loop: LOOP: frame() вернулся
08-08 14:13:01.781 25124  3957 I egui-showcase: egui_android_platform_android::ime_jni: LOOP-JNI: update_cursor_rect enter [201,528,211,587]
08-08 14:13:01.782 25124  3957 I EguiActivity: updateCursorRect: [201, 528, 211, 587]
08-08 14:13:01.782 25124  3957 I egui-showcase: egui_android_platform_android::ime_jni: LOOP-JNI: update_cursor_rect exit
08-08 14:13:01.782 25124  3957 I egui-showcase: egui_android_platform_android::r#loop: LOOP: repaint_delay = 0ns (had_events=false, had_notify=false, событий в кадре=0)
08-08 14:13:01.782 25124  3957 I egui-showcase: egui_android_platform_android::r#loop: LOOP: render_frame begin (w=1280 h=2772)
08-08 14:13:01.782 25124  3957 I egui-showcase: egui_android_platform_android::graphics: render_frame: GL setup done
08-08 14:13:01.783 25124  3957 I egui-showcase: egui_android_platform_android::graphics: render_frame: tessellate done, primitives=18
08-08 14:13:01.783 25124  3957 I egui-showcase: egui_android_platform_android::graphics: render_frame: paint done
08-08 14:13:01.783 25124  3957 I egui-showcase: egui_android_platform_android::egl_backend: EglState: swap_buffers begin
08-08 14:13:01.784 25124  3957 I egui-showcase: egui_android_platform_android::egl_backend: EglState: swap_buffers end
08-08 14:13:01.784 25124  3957 I egui-showcase: egui_android_platform_android::r#loop: LOOP: render_frame end success=true
08-08 14:13:01.794 25124  3957 I egui-showcase: egui_android_ui::widgets::text_edit: [TextEdit] publish_editor_state enter Id::new(3503992919194884473)
08-08 14:13:01.794 25124  3957 I egui-showcase: egui_android_ui::widgets::text_edit: [TextEdit] publish_editor_state exit Id::new(3503992919194884473)
08-08 14:13:01.795 25124  3957 I egui-showcase: egui_android_ui::widgets::text_edit: [TextEdit] render end
08-08 14:13:01.795 25124  3957 I egui-showcase: egui_android_ui::widgets::text_edit: [TextEdit] render end
08-08 14:13:01.795 25124  3957 I egui-showcase: egui_android_ui::widgets::text_edit: [TextEdit] render end
08-08 14:13:01.795 25124  3957 I egui-showcase: egui_android_ui::widgets::text_edit: [TextEdit] render end
08-08 14:13:01.795 25124  3957 I egui-showcase: egui_android_ui::widgets::text_edit: [TextEdit] render end
08-08 14:13:01.795 25124  3957 I egui-showcase: egui_android_platform_android::r#loop: LOOP: frame() вернулся
08-08 14:13:01.795 25124  3957 I egui-showcase: egui_android_platform_android::ime_jni: LOOP-JNI: update_cursor_rect enter [201,528,211,587]
08-08 14:13:01.796 25124  3957 I EguiActivity: updateCursorRect: [201, 528, 211, 587]
08-08 14:13:01.796 25124  3957 I egui-showcase: egui_android_platform_android::ime_jni: LOOP-JNI: update_cursor_rect exit
08-08 14:13:01.796 25124  3957 I egui-showcase: egui_android_platform_android::r#loop: LOOP: repaint_delay = 478.473646ms (had_events=false, had_notify=false, событий в кадре=0)
08-08 14:13:01.796 25124  3957 I egui-showcase: egui_android_platform_android::r#loop: LOOP: render_frame begin (w=1280 h=2772)
08-08 14:13:01.796 25124  3957 I egui-showcase: egui_android_platform_android::graphics: render_frame: GL setup done
08-08 14:13:01.796 25124  3957 I egui-showcase: egui_android_platform_android::graphics: render_frame: tessellate done, primitives=18
08-08 14:13:01.796 25124  3957 I egui-showcase: egui_android_platform_android::graphics: render_frame: paint done
08-08 14:13:01.796 25124  3957 I egui-showcase: egui_android_platform_android::egl_backend: EglState: swap_buffers begin
08-08 14:13:01.797 25124  3957 I egui-showcase: egui_android_platform_android::egl_backend: EglState: swap_buffers end
08-08 14:13:01.797 25124  3957 I egui-showcase: egui_android_platform_android::r#loop: LOOP: render_frame end success=true
08-08 14:13:02.278 25124  3957 I egui-showcase: egui_android_ui::widgets::text_edit: [TextEdit] publish_editor_state enter Id::new(3503992919194884473)
08-08 14:13:02.279 25124  3957 I egui-showcase: egui_android_ui::widgets::text_edit: [TextEdit] publish_editor_state exit Id::new(3503992919194884473)
08-08 14:13:02.279 25124  3957 I egui-showcase: egui_android_ui::widgets::text_edit: [TextEdit] render end
08-08 14:13:02.279 25124  3957 I egui-showcase: egui_android_ui::widgets::text_edit: [TextEdit] render end
08-08 14:13:02.279 25124  3957 I egui-showcase: egui_android_ui::widgets::text_edit: [TextEdit] render end
08-08 14:13:02.280 25124  3957 I egui-showcase: egui_android_ui::widgets::text_edit: [TextEdit] render end
08-08 14:13:02.280 25124  3957 I egui-showcase: egui_android_ui::widgets::text_edit: [TextEdit] render end
08-08 14:13:02.281 25124  3957 I egui-showcase: egui_android_platform_android::r#loop: LOOP: frame() вернулся
08-08 14:13:02.281 25124  3957 I egui-showcase: egui_android_platform_android::ime_jni: LOOP-JNI: update_cursor_rect enter [201,528,211,587]
08-08 14:13:02.281 25124  3957 I EguiActivity: updateCursorRect: [201, 528, 211, 587]
08-08 14:13:02.282 25124  3957 I egui-showcase: egui_android_platform_android::ime_jni: LOOP-JNI: update_cursor_rect exit
08-08 14:13:02.282 25124  3957 I egui-showcase: egui_android_platform_android::r#loop: LOOP: repaint_delay = 0ns (had_events=false, had_notify=false, событий в кадре=0)
08-08 14:13:02.282 25124  3957 I egui-showcase: egui_android_platform_android::r#loop: LOOP: render_frame begin (w=1280 h=2772)
08-08 14:13:02.282 25124  3957 I egui-showcase: egui_android_platform_android::graphics: render_frame: GL setup done
08-08 14:13:02.282 25124  3957 I egui-showcase: egui_android_platform_android::graphics: render_frame: tessellate done, primitives=18
08-08 14:13:02.283 25124  3957 I egui-showcase: egui_android_platform_android::graphics: render_frame: paint done
08-08 14:13:02.283 25124  3957 I egui-showcase: egui_android_platform_android::egl_backend: EglState: swap_buffers begin
08-08 14:13:02.284 25124  3957 I egui-showcase: egui_android_platform_android::egl_backend: EglState: swap_buffers end
08-08 14:13:02.284 25124  3957 I egui-showcase: egui_android_platform_android::r#loop: LOOP: render_frame end success=true
08-08 14:13:02.294 25124  3957 I egui-showcase: egui_android_ui::widgets::text_edit: [TextEdit] publish_editor_state enter Id::new(3503992919194884473)
08-08 14:13:02.294 25124  3957 I egui-showcase: egui_android_ui::widgets::text_edit: [TextEdit] publish_editor_state exit Id::new(3503992919194884473)
08-08 14:13:02.294 25124  3957 I egui-showcase: egui_android_ui::widgets::text_edit: [TextEdit] render end
08-08 14:13:02.294 25124  3957 I egui-showcase: egui_android_ui::widgets::text_edit: [TextEdit] render end
08-08 14:13:02.295 25124  3957 I egui-showcase: egui_android_ui::widgets::text_edit: [TextEdit] render end
08-08 14:13:02.295 25124  3957 I egui-showcase: egui_android_ui::widgets::text_edit: [TextEdit] render end
08-08 14:13:02.295 25124  3957 I egui-showcase: egui_android_ui::widgets::text_edit: [TextEdit] render end
08-08 14:13:02.295 25124  3957 I egui-showcase: egui_android_platform_android::r#loop: LOOP: frame() вернулся
08-08 14:13:02.295 25124  3957 I egui-showcase: egui_android_platform_android::ime_jni: LOOP-JNI: update_cursor_rect enter [201,528,211,587]
08-08 14:13:02.295 25124  3957 I EguiActivity: updateCursorRect: [201, 528, 211, 587]
08-08 14:13:02.295 25124  3957 I egui-showcase: egui_android_platform_android::ime_jni: LOOP-JNI: update_cursor_rect exit
08-08 14:13:02.295 25124  3957 I egui-showcase: egui_android_platform_android::r#loop: LOOP: repaint_delay = 478.601438ms (had_events=false, had_notify=false, событий в кадре=0)
08-08 14:13:02.295 25124  3957 I egui-showcase: egui_android_platform_android::r#loop: LOOP: render_frame begin (w=1280 h=2772)
08-08 14:13:02.296 25124  3957 I egui-showcase: egui_android_platform_android::graphics: render_frame: GL setup done
08-08 14:13:02.296 25124  3957 I egui-showcase: egui_android_platform_android::graphics: render_frame: tessellate done, primitives=18
08-08 14:13:02.296 25124  3957 I egui-showcase: egui_android_platform_android::graphics: render_frame: paint done
08-08 14:13:02.296 25124  3957 I egui-showcase: egui_android_platform_android::egl_backend: EglState: swap_buffers begin
08-08 14:13:02.297 25124  3957 I egui-showcase: egui_android_platform_android::egl_backend: EglState: swap_buffers end
08-08 14:13:02.297 25124  3957 I egui-showcase: egui_android_platform_android::r#loop: LOOP: render_frame end success=true
08-08 14:13:02.349 25124  3957 D egui-showcase: android_activity::activity_impl: Notifying Input Available
08-08 14:13:02.351 25124  3957 I egui-showcase: egui_android_ui::widgets::text_edit: [TextEdit] publish_editor_state enter Id::new(3503992919194884473)
08-08 14:13:02.351 25124  3957 I egui-showcase: egui_android_ui::widgets::text_edit: [TextEdit] publish_editor_state exit Id::new(3503992919194884473)
08-08 14:13:02.351 25124  3957 I egui-showcase: egui_android_ui::widgets::text_edit: [TextEdit] render end
08-08 14:13:02.351 25124  3957 I egui-showcase: egui_android_ui::widgets::text_edit: [TextEdit] render end
08-08 14:13:02.352 25124  3957 I egui-showcase: egui_android_ui::widgets::text_edit: [TextEdit] render end
08-08 14:13:02.352 25124  3957 I egui-showcase: egui_android_ui::widgets::text_edit: [TextEdit] render end
08-08 14:13:02.353 25124  3957 I egui-showcase: egui_android_ui::widgets::text_edit: [TextEdit] render end
08-08 14:13:02.354 25124  3957 I egui-showcase: egui_android_platform_android::r#loop: LOOP: frame() вернулся
08-08 14:13:02.354 25124  3957 I egui-showcase: egui_android_platform_android::ime_jni: LOOP-JNI: update_cursor_rect enter [201,528,211,587]
08-08 14:13:02.354 25124  3957 I EguiActivity: updateCursorRect: [201, 528, 211, 587]
08-08 14:13:02.355 25124  3957 I egui-showcase: egui_android_platform_android::ime_jni: LOOP-JNI: update_cursor_rect exit
08-08 14:13:02.355 25124  3957 I egui-showcase: egui_android_platform_android::r#loop: LOOP: repaint_delay = 0ns (had_events=true, had_notify=false, событий в кадре=2)
08-08 14:13:02.355 25124  3957 I egui-showcase: egui_android_platform_android::r#loop: LOOP: render_frame begin (w=1280 h=2772)
08-08 14:13:02.355 25124  3957 I egui-showcase: egui_android_platform_android::graphics: render_frame: GL setup done
08-08 14:13:02.355 25124  3957 I egui-showcase: egui_android_platform_android::graphics: render_frame: tessellate done, primitives=18
08-08 14:13:02.355 25124  3957 I egui-showcase: egui_android_platform_android::graphics: render_frame: paint done
08-08 14:13:02.355 25124  3957 I egui-showcase: egui_android_platform_android::egl_backend: EglState: swap_buffers begin
08-08 14:13:02.356 25124  3957 I egui-showcase: egui_android_platform_android::egl_backend: EglState: swap_buffers end
08-08 14:13:02.356 25124  3957 I egui-showcase: egui_android_platform_android::r#loop: LOOP: render_frame end success=true
08-08 14:13:02.366 25124  3957 I egui-showcase: egui_android_ui::widgets::text_edit: [TextEdit] publish_editor_state enter Id::new(3503992919194884473)
08-08 14:13:02.366 25124  3957 I egui-showcase: egui_android_ui::widgets::text_edit: [TextEdit] publish_editor_state exit Id::new(3503992919194884473)
08-08 14:13:02.366 25124  3957 I egui-showcase: egui_android_ui::widgets::text_edit: [TextEdit] render end
08-08 14:13:02.366 25124  3957 I egui-showcase: egui_android_ui::widgets::text_edit: [TextEdit] render end
08-08 14:13:02.367 25124  3957 I egui-showcase: egui_android_ui::widgets::text_edit: [TextEdit] render end
08-08 14:13:02.367 25124  3957 I egui-showcase: egui_android_ui::widgets::text_edit: [TextEdit] render end
08-08 14:13:02.367 25124  3957 I egui-showcase: egui_android_ui::widgets::text_edit: [TextEdit] render end
08-08 14:13:02.367 25124  3957 I egui-showcase: egui_android_platform_android::r#loop: LOOP: frame() вернулся
08-08 14:13:02.367 25124  3957 I egui-showcase: egui_android_platform_android::ime_jni: LOOP-JNI: update_cursor_rect enter [201,528,211,587]
08-08 14:13:02.367 25124  3957 I EguiActivity: updateCursorRect: [201, 528, 211, 587]
08-08 14:13:02.367 25124  3957 I egui-showcase: egui_android_platform_android::ime_jni: LOOP-JNI: update_cursor_rect exit
08-08 14:13:02.367 25124  3957 I egui-showcase: egui_android_platform_android::r#loop: LOOP: repaint_delay = 0ns (had_events=false, had_notify=false, событий в кадре=0)
08-08 14:13:02.367 25124  3957 I egui-showcase: egui_android_platform_android::r#loop: LOOP: render_frame begin (w=1280 h=2772)
08-08 14:13:02.367 25124  3957 I egui-showcase: egui_android_platform_android::graphics: render_frame: GL setup done
08-08 14:13:02.368 25124  3957 I egui-showcase: egui_android_platform_android::graphics: render_frame: tessellate done, primitives=18
08-08 14:13:02.368 25124  3957 I egui-showcase: egui_android_platform_android::graphics: render_frame: paint done
08-08 14:13:02.368 25124  3957 I egui-showcase: egui_android_platform_android::egl_backend: EglState: swap_buffers begin
08-08 14:13:02.368 25124  3957 I egui-showcase: egui_android_platform_android::egl_backend: EglState: swap_buffers end
08-08 14:13:02.368 25124  3957 I egui-showcase: egui_android_platform_android::r#loop: LOOP: render_frame end success=true
08-08 14:13:02.383 25124  3957 I egui-showcase: egui_android_ui::widgets::text_edit: [TextEdit] publish_editor_state enter Id::new(3503992919194884473)
08-08 14:13:02.383 25124  3957 I egui-showcase: egui_android_ui::widgets::text_edit: [TextEdit] publish_editor_state exit Id::new(3503992919194884473)
08-08 14:13:02.383 25124  3957 I egui-showcase: egui_android_ui::widgets::text_edit: [TextEdit] render end
08-08 14:13:02.383 25124  3957 I egui-showcase: egui_android_ui::widgets::text_edit: [TextEdit] render end
08-08 14:13:02.383 25124  3957 I egui-showcase: egui_android_ui::widgets::text_edit: [TextEdit] render end
08-08 14:13:02.383 25124  3957 I egui-showcase: egui_android_ui::widgets::text_edit: [TextEdit] render end
08-08 14:13:02.383 25124  3957 I egui-showcase: egui_android_ui::widgets::text_edit: [TextEdit] render end
08-08 14:13:02.384 25124  3957 I egui-showcase: egui_android_platform_android::r#loop: LOOP: frame() вернулся
08-08 14:13:02.384 25124  3957 I egui-showcase: egui_android_platform_android::ime_jni: LOOP-JNI: update_cursor_rect enter [201,528,211,587]
08-08 14:13:02.384 25124  3957 I EguiActivity: updateCursorRect: [201, 528, 211, 587]
08-08 14:13:02.384 25124  3957 I egui-showcase: egui_android_platform_android::ime_jni: LOOP-JNI: update_cursor_rect exit
08-08 14:13:02.384 25124  3957 I egui-showcase: egui_android_platform_android::r#loop: LOOP: repaint_delay = 389.950735ms (had_events=false, had_notify=false, событий в кадре=0)
08-08 14:13:02.384 25124  3957 I egui-showcase: egui_android_platform_android::r#loop: LOOP: render_frame begin (w=1280 h=2772)
08-08 14:13:02.384 25124  3957 I egui-showcase: egui_android_platform_android::graphics: render_frame: GL setup done
08-08 14:13:02.384 25124  3957 I egui-showcase: egui_android_platform_android::graphics: render_frame: tessellate done, primitives=18
08-08 14:13:02.384 25124  3957 I egui-showcase: egui_android_platform_android::graphics: render_frame: paint done
08-08 14:13:02.384 25124  3957 I egui-showcase: egui_android_platform_android::egl_backend: EglState: swap_buffers begin
08-08 14:13:02.385 25124  3957 I egui-showcase: egui_android_platform_android::egl_backend: EglState: swap_buffers end
08-08 14:13:02.385 25124  3957 I egui-showcase: egui_android_platform_android::r#loop: LOOP: render_frame end success=true
08-08 14:13:02.394 25124  3957 D egui-showcase: android_activity::activity_impl: Notifying Input Available
08-08 14:13:02.395 25124  3957 I egui-showcase: egui_android_ui::widgets::text_edit: [TextEdit] id=Id::new(3503992919194884473) has_focus=false gained=false lost=true changed=false buffer="привет "
08-08 14:13:02.395 25124  3957 I egui-showcase: egui_android_ui::widgets::text_edit: [TextEdit] publish_editor_blur enter
08-08 14:13:02.395 25124  3957 I egui-showcase: egui_android_ui::widgets::text_edit: [TextEdit] publish_editor_blur exit
08-08 14:13:02.395 25124  3957 I egui-showcase: egui_android_platform_android::run: KeyboardController.hide(): запрошено (управляет loop по platform_output.ime)
08-08 14:13:14.025 25124 25124 I EguiImeView: finishComposingText: '' (thread=main)
08-08 14:13:14.025 25124 25124 I EguiImeView: finishComposingText: '' (thread=main)
08-08 14:13:14.026 25124 25124 I EguiImeView: finishComposingText: '' (thread=main)
08-08 14:14:02.001 31813  6689 I egui-showcase: egui_android_platform_android::run: run: запуск egui-android-framework, backend=Gl
08-08 14:14:02.001 31813  6689 I egui-showcase: egui_android_platform_android::run: run: создаём GlBackend
08-08 14:14:02.004 31813  6689 I egui-showcase: egui_android_platform_android::saved_state_jni: JNI: GLOBAL_PLATFORM_STATE инициализирован
08-08 14:14:02.004 31813  6689 I egui-showcase: egui_android_platform_android::run: KeyboardController: зарегистрирован в egui Context (с set_options + editor_state)
08-08 14:14:02.005 31813 31813 I egui-showcase: egui_android_platform_android::saved_state_jni: JNI: nativeSetSavedState — byteArray == null, пропускаем (первый запуск)
08-08 14:14:02.005 31813 31813 I EguiActivity: onCreate: saved_state = null
08-08 14:14:02.023 31813  6689 I egui-showcase: egui_android_platform_android::backend::gl_backend: GlBackend: Resume
08-08 14:14:02.023 31813  6689 I egui-showcase: egui_android_platform_android::lifecycle: Lifecycle: Resume
08-08 14:14:02.055 31813  6689 I egui-showcase: egui_android_platform_android::backend::gl_backend: GlBackend: Pause
08-08 14:14:02.055 31813  6689 I egui-showcase: egui_android_platform_android::lifecycle: Lifecycle: Pause
08-08 14:14:02.055 31813  6689 I egui-showcase: egui_showcase::app: on_save_state: сохранено 1 элементов стека (13 байт)
08-08 14:14:02.055 31813  6689 I egui-showcase: egui_android_platform_android::lifecycle: Lifecycle: Pause — сохраняем 13 байт в platform_state
08-08 14:14:02.055 31813  6689 I egui-showcase: egui_android_platform_android::platform_state: PlatformState: set_saved_state — 13 байт в буфере
08-08 14:14:02.069 31813  6689 I egui-showcase: egui_android_platform_android::backend::gl_backend: GlBackend: InitWindow (GameActivity)
08-08 14:14:02.069 31813  6689 I egui-showcase: egui_android_platform_android::insets: pp: system densityDpi=520, pixels_per_point=3.25
08-08 14:14:02.069 31813  6689 I egui-showcase: egui_android_platform_android::lifecycle: Lifecycle: InitWindow
08-08 14:14:02.069 31813  6689 I egui-showcase: egui_android_platform_android::backend::gl_backend: GlBackend: init — без EGL
08-08 14:14:02.069 31813  6689 I egui-showcase: egui_android_platform_android::insets: pp: system densityDpi=520, pixels_per_point=3.25
08-08 14:14:02.069 31813  6689 I egui-showcase: egui_android_platform_android::backend::gl_backend: GlBackend: init_graphics (EGL)
08-08 14:14:02.178 31813  6689 I egui-showcase: egui_android_platform_android::egl_backend: EGL initialized: 1.5
08-08 14:14:02.178 31813  6689 I egui-showcase: egui_android_platform_android::egl_backend: EglState::create: устанавливаем ANativeWindow формат RGBA_8888
08-08 14:14:02.178 31813  6689 I egui-showcase: egui_android_platform_android::egl_backend: EglState::create: ANativeWindow_setBuffersGeometry result = 0 (0=ok)
08-08 14:14:02.183 31813  6689 I egui-showcase: egui_android_platform_android::platform_state: PlatformState: take_saved_state — буфер очищен
08-08 14:14:02.183 31813  6689 I egui-showcase: egui_android_platform_android::lifecycle: Lifecycle: InitWindow (первый) — saved_state_buffer: есть данные
08-08 14:14:02.183 31813  6689 I egui-showcase: egui_showcase::app: on_restore_state: восстанавливаем 1 элементов
08-08 14:14:02.183 31813  6689 I egui-showcase: egui_showcase::navigation_host: NavigationHost::restore: восстанавливаем 1 элементов
08-08 14:14:02.186 31813  6689 I egui-showcase: egui_android_platform_android::insets: JNI insets (WindowInsets.Type.systemBars): left=0, top=152, right=0, bottom=153
08-08 14:14:02.186 31813  6689 I egui-showcase: egui_android_platform_android::system_bars::inner: detect_system_theme_jni: uiMode=0x21 → Dark
08-08 14:14:02.279 31813  6689 I egui-showcase: egui_android_platform_android::system_bars::inner: apply_system_bars_color_jni: caller=             at ./rustc/59807616e1fa2540724bfbac14d7976d7e4a3860/library/std/src/../../backtrace/src/backtrace/mod.rs:66:14 theme=Dark
08-08 14:14:02.280 31813  6689 I egui-showcase: egui_android_platform_android::log: apply_system_bars_color_jni: setSystemBarsAppearance appearance=0x0 mask=0x18
08-08 14:14:02.280 31813  6689 I egui-showcase: egui_android_platform_android::log: apply_system_bars_color_jni: theme=Dark color=#ffffff
08-08 14:14:02.280 31813  6689 I egui-showcase: egui_android_platform_android::system_bars::inner: set_transparent_system_bars: начало
08-08 14:14:02.280 31813  6689 I egui-showcase: egui_android_platform_android::system_bars::inner: set_transparent_system_bars: StatusBar → TRANSPARENT
08-08 14:14:02.281 31813  6689 I egui-showcase: egui_android_platform_android::system_bars::inner: set_transparent_system_bars: NavigationBar → TRANSPARENT
08-08 14:14:02.281 31813  6689 I egui-showcase: egui_android_platform_android::system_bars::inner: set_transparent_system_bars: завершено
08-08 14:14:02.281 31813  6689 I egui-showcase: egui_android_platform_android::input_processing: DpiChanged: 3.25
08-08 14:14:02.332 31813  6689 D egui-showcase: egui_glow::painter: 
08-08 14:14:02.332 31813  6689 D egui-showcase: opengl version: OpenGL ES 3.2 V@0800.71 (GIT@208ca19915, Iab05a79315, 1770369230) (Date:02/06/26)
08-08 14:14:02.332 31813  6689 D egui-showcase: opengl renderer: Adreno (TM) 825
08-08 14:14:02.332 31813  6689 D egui-showcase: opengl vendor: Qualcomm
08-08 14:14:02.332 31813  6689 D egui-showcase: egui_glow::shader_version: Shader version: Es300 ("OpenGL ES GLSL ES 3.20").
08-08 14:14:02.332 31813  6689 D egui-showcase: egui_glow::painter: Shader header: "#version 300 es\n".
08-08 14:14:02.332 31813  6689 D egui-showcase: egui_glow::painter: SRGB framebuffer Support: false
08-08 14:14:02.333 31813  6689 D egui-showcase: egui_glow::vao: GL version: "OpenGL ES 3.2 V@0800.71 (GIT@208ca19915, Iab05a79315, 1770369230) (Date:02/06/26)".
08-08 14:14:02.335 31813  6689 I egui-showcase: egui_android_platform_android::graphics: graphics: инициализируем RuntimeContext
08-08 14:14:02.423 31813  6689 I egui-showcase: egui_android_platform_android::r#loop: LOOP: frame() вернулся
08-08 14:14:02.423 31813  6689 I egui-showcase: egui_android_platform_android::r#loop: LOOP: repaint_delay = 0ns (had_events=true, had_notify=false, событий в кадре=0)
08-08 14:14:02.424 31813  6689 I egui-showcase: egui_android_platform_android::system_bars::inner: apply_system_bars_color_jni: caller=             at ./rustc/59807616e1fa2540724bfbac14d7976d7e4a3860/library/std/src/../../backtrace/src/backtrace/mod.rs:66:14 theme=Light
08-08 14:14:02.425 31813  6689 I egui-showcase: egui_android_platform_android::r#loop: LOOP: render_frame begin (w=1280 h=2772)
08-08 14:14:02.425 31813  6689 I egui-showcase: egui_android_platform_android::graphics: render_frame: GL setup done
08-08 14:14:02.425 31813  6689 I egui-showcase: egui_android_platform_android::graphics: render_frame: tessellate done, primitives=11
08-08 14:14:02.426 31813  6689 I egui-showcase: egui_android_platform_android::graphics: render_frame: paint done
08-08 14:14:02.426 31813  6689 I egui-showcase: egui_android_platform_android::egl_backend: EglState: swap_buffers begin
08-08 14:14:02.428 31813  6689 I egui-showcase: egui_android_platform_android::egl_backend: EglState: swap_buffers end
08-08 14:14:02.429 31813  6689 I egui-showcase: egui_android_platform_android::r#loop: LOOP: render_frame end success=true
08-08 14:14:02.431 31813  6689 I egui-showcase: egui_android_platform_android::r#loop: LOOP: frame() вернулся
08-08 14:14:02.431 31813  6689 I egui-showcase: egui_android_platform_android::r#loop: LOOP: repaint_delay = 18446744073709551615.999999999s (had_events=false, had_notify=false, событий в кадре=0)
08-08 14:14:02.431 31813  6689 I egui-showcase: egui_android_platform_android::r#loop: LOOP: render_frame begin (w=1280 h=2772)
08-08 14:14:02.432 31813  6689 I egui-showcase: egui_android_platform_android::graphics: render_frame: GL setup done
08-08 14:14:02.432 31813  6689 I egui-showcase: egui_android_platform_android::graphics: render_frame: tessellate done, primitives=11
08-08 14:14:02.433 31813  6689 I egui-showcase: egui_android_platform_android::graphics: render_frame: paint done
08-08 14:14:02.433 31813  6689 I egui-showcase: egui_android_platform_android::egl_backend: EglState: swap_buffers begin
08-08 14:14:02.433 31813  6689 I egui-showcase: egui_android_platform_android::egl_backend: EglState: swap_buffers end
08-08 14:14:02.433 31813  6689 I egui-showcase: egui_android_platform_android::r#loop: LOOP: render_frame end success=true
08-08 14:14:02.840 31813  6689 I egui-showcase: egui_android_platform_android::backend::gl_backend: GlBackend: Stop
08-08 14:14:02.840 31813  6689 I egui-showcase: egui_android_platform_android::lifecycle: Lifecycle: Stop
08-08 14:14:02.843 31813 31813 I egui-showcase: egui_android_platform_android::saved_state_jni: JNI: nativeGetSavedState — буфер пуст, возвращаем null
08-08 14:14:02.843 31813 31813 I EguiActivity: onSaveInstanceState: saved_state = null
08-08 14:14:03.463 31813  6689 I egui-showcase: egui_android_platform_android::backend::gl_backend: GlBackend: Resume
08-08 14:14:03.463 31813  6689 I egui-showcase: egui_android_platform_android::lifecycle: Lifecycle: Resume
08-08 14:14:03.487 31813  6689 I egui-showcase: egui_android_platform_android::backend::gl_backend: GlBackend: InitWindow (GameActivity)
08-08 14:14:03.487 31813  6689 I egui-showcase: egui_android_platform_android::insets: pp: system densityDpi=520, pixels_per_point=3.25
08-08 14:14:03.487 31813  6689 I egui-showcase: egui_android_platform_android::lifecycle: Lifecycle: InitWindow
08-08 14:14:03.495 31813  6689 I egui-showcase: egui_android_platform_android::backend::gl_backend: GlBackend: EGL surface пересоздан
08-08 14:14:03.497 31813  6689 I egui-showcase: egui_android_platform_android::lifecycle: Lifecycle: InitWindow (has_egl) — saved_state_buffer: пуст
08-08 14:14:03.497 31813  6689 I egui-showcase: egui_showcase::app: on_restore_state: восстанавливаем 1 элементов
08-08 14:14:03.497 31813  6689 I egui-showcase: egui_showcase::navigation_host: NavigationHost::restore: восстанавливаем 1 элементов
08-08 14:14:03.498 31813  6689 I egui-showcase: egui_android_platform_android::insets: JNI insets (WindowInsets.Type.systemBars): left=0, top=152, right=0, bottom=153
08-08 14:14:03.500 31813  6689 I egui-showcase: egui_android_platform_android::input_processing: DpiChanged: 3.25
08-08 14:14:03.502 31813  6689 I egui-showcase: egui_android_platform_android::r#loop: LOOP: frame() вернулся
08-08 14:14:03.502 31813  6689 I egui-showcase: egui_android_platform_android::r#loop: LOOP: repaint_delay = 18446744073709551615.999999999s (had_events=true, had_notify=false, событий в кадре=0)
08-08 14:14:03.502 31813  6689 I egui-showcase: egui_android_platform_android::r#loop: LOOP: render_frame begin (w=1280 h=2772)
08-08 14:14:03.502 31813  6689 I egui-showcase: egui_android_platform_android::graphics: render_frame: GL setup done
08-08 14:14:03.502 31813  6689 I egui-showcase: egui_android_platform_android::graphics: render_frame: tessellate done, primitives=11
08-08 14:14:03.502 31813  6689 I egui-showcase: egui_android_platform_android::graphics: render_frame: paint done
08-08 14:14:03.503 31813  6689 I egui-showcase: egui_android_platform_android::egl_backend: EglState: swap_buffers begin
08-08 14:14:03.509 31813  6689 I egui-showcase: egui_android_platform_android::egl_backend: EglState: swap_buffers end
08-08 14:14:03.509 31813  6689 I egui-showcase: egui_android_platform_android::r#loop: LOOP: render_frame end success=true
08-08 14:14:04.620 31813  6689 D egui-showcase: android_activity::activity_impl: Notifying Input Available
08-08 14:14:04.623 31813  6689 I egui-showcase: egui_android_platform_android::r#loop: LOOP: frame() вернулся
08-08 14:14:04.623 31813  6689 I egui-showcase: egui_android_platform_android::r#loop: LOOP: repaint_delay = 0ns (had_events=true, had_notify=false, событий в кадре=2)
08-08 14:14:04.623 31813  6689 I egui-showcase: egui_android_platform_android::r#loop: LOOP: render_frame begin (w=1280 h=2772)
08-08 14:14:04.626 31813  6689 I egui-showcase: egui_android_platform_android::graphics: render_frame: GL setup done
08-08 14:14:04.627 31813  6689 I egui-showcase: egui_android_platform_android::graphics: render_frame: tessellate done, primitives=11
08-08 14:14:04.627 31813  6689 I egui-showcase: egui_android_platform_android::graphics: render_frame: paint done
08-08 14:14:04.627 31813  6689 I egui-showcase: egui_android_platform_android::egl_backend: EglState: swap_buffers begin
08-08 14:14:04.628 31813  6689 I egui-showcase: egui_android_platform_android::egl_backend: EglState: swap_buffers end
08-08 14:14:04.628 31813  6689 I egui-showcase: egui_android_platform_android::r#loop: LOOP: render_frame end success=true
08-08 14:14:04.639 31813  6689 I egui-showcase: egui_android_platform_android::r#loop: LOOP: frame() вернулся
08-08 14:14:04.639 31813  6689 I egui-showcase: egui_android_platform_android::r#loop: LOOP: repaint_delay = 0ns (had_events=false, had_notify=false, событий в кадре=0)
08-08 14:14:04.639 31813  6689 I egui-showcase: egui_android_platform_android::r#loop: LOOP: render_frame begin (w=1280 h=2772)
08-08 14:14:04.639 31813  6689 I egui-showcase: egui_android_platform_android::graphics: render_frame: GL setup done
08-08 14:14:04.640 31813  6689 I egui-showcase: egui_android_platform_android::graphics: render_frame: tessellate done, primitives=11
08-08 14:14:04.640 31813  6689 I egui-showcase: egui_android_platform_android::graphics: render_frame: paint done
08-08 14:14:04.640 31813  6689 I egui-showcase: egui_android_platform_android::egl_backend: EglState: swap_buffers begin
08-08 14:14:04.641 31813  6689 I egui-showcase: egui_android_platform_android::egl_backend: EglState: swap_buffers end
08-08 14:14:04.641 31813  6689 I egui-showcase: egui_android_platform_android::r#loop: LOOP: render_frame end success=true
08-08 14:14:04.655 31813  6689 I egui-showcase: egui_android_platform_android::r#loop: LOOP: frame() вернулся
08-08 14:14:04.655 31813  6689 I egui-showcase: egui_android_platform_android::r#loop: LOOP: repaint_delay = 750.00766ms (had_events=false, had_notify=false, событий в кадре=0)
08-08 14:14:04.655 31813  6689 I egui-showcase: egui_android_platform_android::r#loop: LOOP: render_frame begin (w=1280 h=2772)
08-08 14:14:04.656 31813  6689 I egui-showcase: egui_android_platform_android::graphics: render_frame: GL setup done
08-08 14:14:04.656 31813  6689 I egui-showcase: egui_android_platform_android::graphics: render_frame: tessellate done, primitives=11
08-08 14:14:04.656 31813  6689 I egui-showcase: egui_android_platform_android::graphics: render_frame: paint done
08-08 14:14:04.656 31813  6689 I egui-showcase: egui_android_platform_android::egl_backend: EglState: swap_buffers begin
08-08 14:14:04.657 31813  6689 I egui-showcase: egui_android_platform_android::egl_backend: EglState: swap_buffers end
08-08 14:14:04.657 31813  6689 I egui-showcase: egui_android_platform_android::r#loop: LOOP: render_frame end success=true
08-08 14:14:04.670 31813  6689 D egui-showcase: android_activity::activity_impl: Notifying Input Available
08-08 14:14:04.675 31813  6689 I egui-showcase: egui_android_platform_android::r#loop: LOOP: frame() вернулся
08-08 14:14:04.675 31813  6689 I egui-showcase: egui_android_platform_android::r#loop: LOOP: repaint_delay = 0ns (had_events=true, had_notify=false, событий в кадре=2)
08-08 14:14:04.675 31813  6689 I egui-showcase: egui_android_platform_android::r#loop: LOOP: render_frame begin (w=1280 h=2772)
08-08 14:14:04.676 31813  6689 I egui-showcase: egui_android_platform_android::graphics: render_frame: GL setup done
08-08 14:14:04.676 31813  6689 I egui-showcase: egui_android_platform_android::graphics: render_frame: tessellate done, primitives=11
08-08 14:14:04.677 31813  6689 I egui-showcase: egui_android_platform_android::graphics: render_frame: paint done
08-08 14:14:04.677 31813  6689 I egui-showcase: egui_android_platform_android::egl_backend: EglState: swap_buffers begin
08-08 14:14:04.678 31813  6689 I egui-showcase: egui_android_platform_android::egl_backend: EglState: swap_buffers end
08-08 14:14:04.678 31813  6689 I egui-showcase: egui_android_platform_android::r#loop: LOOP: render_frame end success=true
08-08 14:14:04.743 31813  6689 I egui-showcase: egui_android_ui::widgets::text_edit: [TextEdit] render end
08-08 14:14:04.752 31813  6689 I egui-showcase: egui_android_ui::widgets::text_edit: [TextEdit] render end
08-08 14:14:04.772 31813  6689 I egui-showcase: egui_android_ui::widgets::text_edit: [TextEdit] render end
08-08 14:14:04.786 31813  6689 I egui-showcase: egui_android_ui::widgets::text_edit: [TextEdit] render end
08-08 14:14:04.794 31813  6689 I egui-showcase: egui_android_ui::widgets::text_edit: [TextEdit] render end
08-08 14:14:04.816 31813  6689 I egui-showcase: egui_android_platform_android::r#loop: LOOP: frame() вернулся
08-08 14:14:04.816 31813  6689 I egui-showcase: egui_android_platform_android::r#loop: LOOP: repaint_delay = 0ns (had_events=false, had_notify=false, событий в кадре=0)
08-08 14:14:04.816 31813  6689 I egui-showcase: egui_android_platform_android::r#loop: LOOP: render_frame begin (w=1280 h=2772)
08-08 14:14:04.816 31813  6689 I egui-showcase: egui_android_platform_android::graphics: render_frame: GL setup done
08-08 14:14:04.817 31813  6689 I egui-showcase: egui_android_platform_android::graphics: render_frame: tessellate done, primitives=17
08-08 14:14:04.819 31813  6689 I egui-showcase: egui_android_platform_android::graphics: render_frame: paint done
08-08 14:14:04.819 31813  6689 I egui-showcase: egui_android_platform_android::egl_backend: EglState: swap_buffers begin
08-08 14:14:04.819 31813  6689 I egui-showcase: egui_android_platform_android::egl_backend: EglState: swap_buffers end
08-08 14:14:04.819 31813  6689 I egui-showcase: egui_android_platform_android::r#loop: LOOP: render_frame end success=true
08-08 14:14:04.820 31813  6689 I egui-showcase: egui_android_ui::widgets::text_edit: [TextEdit] render end
08-08 14:14:04.820 31813  6689 I egui-showcase: egui_android_ui::widgets::text_edit: [TextEdit] render end
08-08 14:14:04.820 31813  6689 I egui-showcase: egui_android_ui::widgets::text_edit: [TextEdit] render end
08-08 14:14:04.820 31813  6689 I egui-showcase: egui_android_ui::widgets::text_edit: [TextEdit] render end
08-08 14:14:04.821 31813  6689 I egui-showcase: egui_android_ui::widgets::text_edit: [TextEdit] render end
08-08 14:14:04.821 31813  6689 I egui-showcase: egui_android_platform_android::r#loop: LOOP: frame() вернулся
08-08 14:14:04.821 31813  6689 I egui-showcase: egui_android_platform_android::r#loop: LOOP: repaint_delay = 18446744073709551615.999999999s (had_events=false, had_notify=false, событий в кадре=0)
08-08 14:14:04.821 31813  6689 I egui-showcase: egui_android_platform_android::r#loop: LOOP: render_frame begin (w=1280 h=2772)
08-08 14:14:04.822 31813  6689 I egui-showcase: egui_android_platform_android::graphics: render_frame: GL setup done
08-08 14:14:04.823 31813  6689 I egui-showcase: egui_android_platform_android::graphics: render_frame: tessellate done, primitives=17
08-08 14:14:04.823 31813  6689 I egui-showcase: egui_android_platform_android::graphics: render_frame: paint done
08-08 14:14:04.823 31813  6689 I egui-showcase: egui_android_platform_android::egl_backend: EglState: swap_buffers begin
08-08 14:14:04.823 31813  6689 I egui-showcase: egui_android_platform_android::egl_backend: EglState: swap_buffers end
08-08 14:14:04.823 31813  6689 I egui-showcase: egui_android_platform_android::r#loop: LOOP: render_frame end success=true
08-08 14:14:05.948 31813  6689 D egui-showcase: android_activity::activity_impl: Notifying Input Available
08-08 14:14:05.951 31813  6689 I egui-showcase: egui_android_ui::widgets::text_edit: [TextEdit] render end
08-08 14:14:05.952 31813  6689 I egui-showcase: egui_android_ui::widgets::text_edit: [TextEdit] render end
08-08 14:14:05.952 31813  6689 I egui-showcase: egui_android_ui::widgets::text_edit: [TextEdit] render end
08-08 14:14:05.953 31813  6689 I egui-showcase: egui_android_ui::widgets::text_edit: [TextEdit] render end
08-08 14:14:05.954 31813  6689 I egui-showcase: egui_android_ui::widgets::text_edit: [TextEdit] render end
08-08 14:14:05.955 31813  6689 I egui-showcase: egui_android_platform_android::r#loop: LOOP: frame() вернулся
08-08 14:14:05.955 31813  6689 I egui-showcase: egui_android_platform_android::r#loop: LOOP: repaint_delay = 0ns (had_events=true, had_notify=false, событий в кадре=2)
08-08 14:14:05.956 31813  6689 I egui-showcase: egui_android_platform_android::r#loop: LOOP: render_frame begin (w=1280 h=2772)
08-08 14:14:05.956 31813  6689 I egui-showcase: egui_android_platform_android::graphics: render_frame: GL setup done
08-08 14:14:05.957 31813  6689 I egui-showcase: egui_android_platform_android::graphics: render_frame: tessellate done, primitives=17
08-08 14:14:05.957 31813  6689 I egui-showcase: egui_android_platform_android::graphics: render_frame: paint done
08-08 14:14:05.958 31813  6689 I egui-showcase: egui_android_platform_android::egl_backend: EglState: swap_buffers begin
08-08 14:14:05.960 31813  6689 I egui-showcase: egui_android_platform_android::egl_backend: EglState: swap_buffers end
08-08 14:14:05.960 31813  6689 I egui-showcase: egui_android_platform_android::r#loop: LOOP: render_frame end success=true
08-08 14:14:05.966 31813  6689 I egui-showcase: egui_android_ui::widgets::text_edit: [TextEdit] render end
08-08 14:14:05.967 31813  6689 I egui-showcase: egui_android_ui::widgets::text_edit: [TextEdit] render end
08-08 14:14:05.967 31813  6689 I egui-showcase: egui_android_ui::widgets::text_edit: [TextEdit] render end
08-08 14:14:05.968 31813  6689 I egui-showcase: egui_android_ui::widgets::text_edit: [TextEdit] render end
08-08 14:14:05.968 31813  6689 I egui-showcase: egui_android_ui::widgets::text_edit: [TextEdit] render end
08-08 14:14:05.970 31813  6689 I egui-showcase: egui_android_platform_android::r#loop: LOOP: frame() вернулся
08-08 14:14:05.970 31813  6689 I egui-showcase: egui_android_platform_android::r#loop: LOOP: repaint_delay = 0ns (had_events=false, had_notify=false, событий в кадре=0)
08-08 14:14:05.970 31813  6689 I egui-showcase: egui_android_platform_android::r#loop: LOOP: render_frame begin (w=1280 h=2772)
08-08 14:14:05.970 31813  6689 I egui-showcase: egui_android_platform_android::graphics: render_frame: GL setup done
08-08 14:14:05.971 31813  6689 I egui-showcase: egui_android_platform_android::graphics: render_frame: tessellate done, primitives=17
08-08 14:14:05.971 31813  6689 I egui-showcase: egui_android_platform_android::graphics: render_frame: paint done
08-08 14:14:05.971 31813  6689 I egui-showcase: egui_android_platform_android::egl_backend: EglState: swap_buffers begin
08-08 14:14:05.972 31813  6689 I egui-showcase: egui_android_platform_android::egl_backend: EglState: swap_buffers end
08-08 14:14:05.972 31813  6689 I egui-showcase: egui_android_platform_android::r#loop: LOOP: render_frame end success=true
08-08 14:14:05.983 31813  6689 I egui-showcase: egui_android_ui::widgets::text_edit: [TextEdit] render end
08-08 14:14:05.983 31813  6689 I egui-showcase: egui_android_ui::widgets::text_edit: [TextEdit] render end
08-08 14:14:05.984 31813  6689 I egui-showcase: egui_android_ui::widgets::text_edit: [TextEdit] render end
08-08 14:14:05.984 31813  6689 I egui-showcase: egui_android_ui::widgets::text_edit: [TextEdit] render end
08-08 14:14:05.984 31813  6689 I egui-showcase: egui_android_ui::widgets::text_edit: [TextEdit] render end
08-08 14:14:05.985 31813  6689 I egui-showcase: egui_android_platform_android::r#loop: LOOP: frame() вернулся
08-08 14:14:05.985 31813  6689 I egui-showcase: egui_android_platform_android::r#loop: LOOP: repaint_delay = 750.047476ms (had_events=false, had_notify=false, событий в кадре=0)
08-08 14:14:05.985 31813  6689 I egui-showcase: egui_android_platform_android::r#loop: LOOP: render_frame begin (w=1280 h=2772)
08-08 14:14:05.985 31813  6689 I egui-showcase: egui_android_platform_android::graphics: render_frame: GL setup done
08-08 14:14:05.986 31813  6689 I egui-showcase: egui_android_platform_android::graphics: render_frame: tessellate done, primitives=17
08-08 14:14:05.986 31813  6689 I egui-showcase: egui_android_platform_android::graphics: render_frame: paint done
08-08 14:14:05.986 31813  6689 I egui-showcase: egui_android_platform_android::egl_backend: EglState: swap_buffers begin
08-08 14:14:05.987 31813  6689 I egui-showcase: egui_android_platform_android::egl_backend: EglState: swap_buffers end
08-08 14:14:05.987 31813  6689 I egui-showcase: egui_android_platform_android::r#loop: LOOP: render_frame end success=true
08-08 14:14:06.031 31813  6689 D egui-showcase: android_activity::activity_impl: Notifying Input Available
08-08 14:14:06.034 31813  6689 I egui-showcase: egui_android_ui::widgets::text_edit: [TextEdit] render end
08-08 14:14:06.035 31813  6689 I egui-showcase: egui_android_ui::widgets::text_edit: [TextEdit] id=Id::new(5657567104995057543) has_focus=true gained=true lost=false changed=false buffer=""
08-08 14:14:06.036 31813  6689 I egui-showcase: egui_android_ui::widgets::text_edit: [TextEdit] set_options enter
08-08 14:14:06.036 31813  6689 I egui-showcase: egui_android_platform_android::ime_jni: LOOP-JNI: set_ime_options enter (0x81, 0x10000006)
08-08 14:14:06.036 31813  6689 I egui-showcase: egui_android_platform_android::ime_jni: LOOP-JNI: set_ime_options exit
08-08 14:14:06.037 31813  6689 I egui-showcase: egui_android_ui::widgets::text_edit: [TextEdit] set_options exit
08-08 14:14:06.037 31813  6689 I egui-showcase: egui_android_ui::widgets::text_edit: [TextEdit] publish_editor_state enter Id::new(5657567104995057543)
08-08 14:14:06.037 31813  6689 I egui-showcase: egui_android_ui::widgets::text_edit: [TextEdit] publish_editor_state exit Id::new(5657567104995057543)
08-08 14:14:06.037 31813  6689 I egui-showcase: egui_android_platform_android::run: KeyboardController.show(): запрошено (управляет loop по platform_output.ime)
08-08 14:14:06.037 31813 31813 I EguiActivity: setImeOptions: imeOptions=268435462 inputType=129
08-08 14:14:06.037 31813  6689 I egui-showcase: egui_android_ui::widgets::text_edit: [TextEdit] render end
08-08 14:14:06.038 31813  6689 I egui-showcase: egui_android_ui::widgets::text_edit: [TextEdit] render end
08-08 14:14:06.039 31813  6689 I egui-showcase: egui_android_ui::widgets::text_edit: [TextEdit] render end
08-08 14:14:06.040 31813  6689 I egui-showcase: egui_android_ui::widgets::text_edit: [TextEdit] render end
08-08 14:14:06.042 31813  6689 I egui-showcase: egui_android_platform_android::r#loop: LOOP: frame() вернулся
08-08 14:14:06.042 31813  6689 I egui-showcase: egui_android_platform_android::r#loop: LOOP: repaint_delay = 0ns (had_events=true, had_notify=false, событий в кадре=2)
08-08 14:14:06.042 31813  6689 I egui-showcase: egui_android_platform_android::r#loop: LOOP: render_frame begin (w=1280 h=2772)
08-08 14:14:06.043 31813  6689 I egui-showcase: egui_android_platform_android::graphics: render_frame: GL setup done
08-08 14:14:06.043 31813  6689 I egui-showcase: egui_android_platform_android::graphics: render_frame: tessellate done, primitives=17
08-08 14:14:06.044 31813  6689 I egui-showcase: egui_android_platform_android::graphics: render_frame: paint done
08-08 14:14:06.044 31813  6689 I egui-showcase: egui_android_platform_android::egl_backend: EglState: swap_buffers begin
08-08 14:14:06.045 31813  6689 I egui-showcase: egui_android_platform_android::egl_backend: EglState: swap_buffers end
08-08 14:14:06.045 31813  6689 I egui-showcase: egui_android_platform_android::r#loop: LOOP: render_frame end success=true
08-08 14:14:06.050 31813  6689 I egui-showcase: egui_android_ui::widgets::text_edit: [TextEdit] render end
08-08 14:14:06.050 31813  6689 I egui-showcase: egui_android_ui::widgets::text_edit: [TextEdit] publish_editor_state enter Id::new(5657567104995057543)
08-08 14:14:06.050 31813  6689 I egui-showcase: egui_android_ui::widgets::text_edit: [TextEdit] publish_editor_state exit Id::new(5657567104995057543)
08-08 14:14:06.051 31813  6689 I egui-showcase: egui_android_ui::widgets::text_edit: [TextEdit] render end
08-08 14:14:06.051 31813  6689 I egui-showcase: egui_android_ui::widgets::text_edit: [TextEdit] render end
08-08 14:14:06.051 31813  6689 I egui-showcase: egui_android_ui::widgets::text_edit: [TextEdit] render end
08-08 14:14:06.052 31813  6689 I egui-showcase: egui_android_ui::widgets::text_edit: [TextEdit] render end
08-08 14:14:06.053 31813  6689 I egui-showcase: egui_android_platform_android::r#loop: LOOP: frame() вернулся
08-08 14:14:06.053 31813  6689 I egui-showcase: egui_android_platform_android::r#loop: LOOP: ime активна — показать клавиатуру (EguiImeView)
08-08 14:14:06.053 31813  6689 I egui-showcase: egui_android_platform_android::ime_jni: LOOP-JNI: show_soft_input enter
08-08 14:14:06.053 31813  6689 I egui-showcase: Kotlin: showSoftInputForIme begin
08-08 14:14:06.053 31813  6689 I egui-showcase: Kotlin: showSoftInputForIme scheduled
08-08 14:14:06.053 31813  6689 I egui-showcase: egui_android_platform_android::ime_jni: LOOP-JNI: show_soft_input exit
08-08 14:14:06.053 31813  6689 I egui-showcase: egui_android_platform_android::ime_jni: LOOP-JNI: update_cursor_rect enter [54,782,63,841]
08-08 14:14:06.054 31813  6689 I EguiActivity: updateCursorRect: [54, 782, 63, 841]
08-08 14:14:06.054 31813  6689 I egui-showcase: egui_android_platform_android::ime_jni: LOOP-JNI: update_cursor_rect exit
08-08 14:14:06.054 31813  6689 I egui-showcase: egui_android_platform_android::r#loop: LOOP: repaint_delay = 0ns (had_events=false, had_notify=false, событий в кадре=0)
08-08 14:14:06.054 31813  6689 I egui-showcase: egui_android_platform_android::r#loop: LOOP: render_frame begin (w=1280 h=2772)
08-08 14:14:06.054 31813  6689 I egui-showcase: egui_android_platform_android::graphics: render_frame: GL setup done
08-08 14:14:06.055 31813  6689 I egui-showcase: egui_android_platform_android::graphics: render_frame: tessellate done, primitives=18
08-08 14:14:06.055 31813  6689 I egui-showcase: egui_android_platform_android::graphics: render_frame: paint done
08-08 14:14:06.055 31813  6689 I egui-showcase: egui_android_platform_android::egl_backend: EglState: swap_buffers begin
08-08 14:14:06.056 31813  6689 I egui-showcase: egui_android_platform_android::egl_backend: EglState: swap_buffers end
08-08 14:14:06.056 31813  6689 I egui-showcase: egui_android_platform_android::r#loop: LOOP: render_frame end success=true
08-08 14:14:06.060 31813 31813 I egui-showcase: Kotlin: showSoftInput end okFocus=true okShow=true
08-08 14:14:06.066 31813  6689 I egui-showcase: egui_android_ui::widgets::text_edit: [TextEdit] render end
08-08 14:14:06.067 31813  6689 I egui-showcase: egui_android_ui::widgets::text_edit: [TextEdit] publish_editor_state enter Id::new(5657567104995057543)
08-08 14:14:06.067 31813  6689 I egui-showcase: egui_android_ui::widgets::text_edit: [TextEdit] publish_editor_state exit Id::new(5657567104995057543)
08-08 14:14:06.067 31813  6689 I egui-showcase: egui_android_ui::widgets::text_edit: [TextEdit] render end
08-08 14:14:06.067 31813  6689 I egui-showcase: egui_android_ui::widgets::text_edit: [TextEdit] render end
08-08 14:14:06.067 31813  6689 I egui-showcase: egui_android_ui::widgets::text_edit: [TextEdit] render end
08-08 14:14:06.068 31813  6689 I egui-showcase: egui_android_ui::widgets::text_edit: [TextEdit] render end
08-08 14:14:06.068 31813  6689 I egui-showcase: egui_android_platform_android::r#loop: LOOP: frame() вернулся
08-08 14:14:06.068 31813  6689 I egui-showcase: egui_android_platform_android::ime_jni: LOOP-JNI: update_cursor_rect enter [54,782,63,841]
08-08 14:14:06.068 31813  6689 I EguiActivity: updateCursorRect: [54, 782, 63, 841]
08-08 14:14:06.068 31813  6689 I egui-showcase: egui_android_platform_android::ime_jni: LOOP-JNI: update_cursor_rect exit
08-08 14:14:06.069 31813  6689 I egui-showcase: egui_android_platform_android::r#loop: LOOP: repaint_delay = 450.016243ms (had_events=false, had_notify=false, событий в кадре=0)
08-08 14:14:06.069 31813  6689 I egui-showcase: egui_android_platform_android::r#loop: LOOP: render_frame begin (w=1280 h=2772)
08-08 14:14:06.069 31813  6689 I egui-showcase: egui_android_platform_android::graphics: render_frame: GL setup done
08-08 14:14:06.069 31813  6689 I egui-showcase: egui_android_platform_android::graphics: render_frame: tessellate done, primitives=18
08-08 14:14:06.069 31813  6689 I egui-showcase: egui_android_platform_android::graphics: render_frame: paint done
08-08 14:14:06.069 31813  6689 I egui-showcase: egui_android_platform_android::egl_backend: EglState: swap_buffers begin
08-08 14:14:06.070 31813  6689 I egui-showcase: egui_android_platform_android::egl_backend: EglState: swap_buffers end
08-08 14:14:06.070 31813  6689 I egui-showcase: egui_android_platform_android::r#loop: LOOP: render_frame end success=true
08-08 14:14:06.071 31813 31813 I egui-showcase: egui_android_platform_android::ime_jni: IME-JNI: nativeGetTextBeforeCursor enter (thread=<no-name>)
08-08 14:14:06.071 31813 31813 I egui-showcase: egui_android_platform_android::ime_jni: IME-EDIT: current_editor_state enter (thread=<no-name>)
08-08 14:14:06.071 31813 31813 I egui-showcase: egui_android_platform_android::ime_jni: IME-EDIT: current_editor_state exit -> true
08-08 14:14:06.071 31813 31813 I egui-showcase: egui_android_platform_android::ime_jni: IME-EDIT: current_editor_state enter (thread=<no-name>)
08-08 14:14:06.071 31813 31813 I egui-showcase: egui_android_platform_android::ime_jni: IME-EDIT: current_editor_state exit -> true
08-08 14:14:06.071 31813 31813 I egui-showcase: egui_android_platform_android::ime_jni: IME-EDIT: current_editor_state enter (thread=<no-name>)
08-08 14:14:06.071 31813 31813 I egui-showcase: egui_android_platform_android::ime_jni: IME-EDIT: current_editor_state exit -> true
08-08 14:14:06.118 31813  6689 I egui-showcase: egui_android_ui::widgets::text_edit: [TextEdit] render end
08-08 14:14:06.118 31813  6689 I egui-showcase: egui_android_ui::widgets::text_edit: [TextEdit] publish_editor_state enter Id::new(5657567104995057543)
08-08 14:14:06.119 31813  6689 I egui-showcase: egui_android_ui::widgets::text_edit: [TextEdit] publish_editor_state exit Id::new(5657567104995057543)
08-08 14:14:06.119 31813  6689 I egui-showcase: egui_android_ui::widgets::text_edit: [TextEdit] render end
08-08 14:14:06.119 31813  6689 I egui-showcase: egui_android_ui::widgets::text_edit: [TextEdit] render end
08-08 14:14:06.119 31813  6689 I egui-showcase: egui_android_ui::widgets::text_edit: [TextEdit] render end
08-08 14:14:06.120 31813  6689 I egui-showcase: egui_android_ui::widgets::text_edit: [TextEdit] render end
08-08 14:14:06.121 31813  6689 I egui-showcase: egui_android_platform_android::r#loop: LOOP: frame() вернулся
08-08 14:14:06.121 31813  6689 I egui-showcase: egui_android_platform_android::ime_jni: LOOP-JNI: update_cursor_rect enter [54,782,63,841]
08-08 14:14:06.122 31813  6689 I EguiActivity: updateCursorRect: [54, 782, 63, 841]
08-08 14:14:06.122 31813  6689 I egui-showcase: egui_android_platform_android::ime_jni: LOOP-JNI: update_cursor_rect exit
08-08 14:14:06.122 31813  6689 I egui-showcase: egui_android_platform_android::r#loop: LOOP: repaint_delay = 398.254377ms (had_events=false, had_notify=false, событий в кадре=0)
08-08 14:14:06.122 31813  6689 I egui-showcase: egui_android_platform_android::r#loop: LOOP: render_frame begin (w=1280 h=2772)
08-08 14:14:06.122 31813  6689 I egui-showcase: egui_android_platform_android::graphics: render_frame: GL setup done
08-08 14:14:06.122 31813  6689 I egui-showcase: egui_android_platform_android::graphics: render_frame: tessellate done, primitives=18
08-08 14:14:06.123 31813  6689 I egui-showcase: egui_android_platform_android::graphics: render_frame: paint done
08-08 14:14:06.123 31813  6689 I egui-showcase: egui_android_platform_android::egl_backend: EglState: swap_buffers begin
08-08 14:14:06.123 31813  6689 I egui-showcase: egui_android_platform_android::egl_backend: EglState: swap_buffers end
08-08 14:14:06.123 31813  6689 I egui-showcase: egui_android_platform_android::r#loop: LOOP: render_frame end success=true
08-08 14:14:06.524 31813  6689 I egui-showcase: egui_android_ui::widgets::text_edit: [TextEdit] render end
08-08 14:14:06.525 31813  6689 I egui-showcase: egui_android_ui::widgets::text_edit: [TextEdit] publish_editor_state enter Id::new(5657567104995057543)
08-08 14:14:06.525 31813  6689 I egui-showcase: egui_android_ui::widgets::text_edit: [TextEdit] publish_editor_state exit Id::new(5657567104995057543)
08-08 14:14:06.525 31813  6689 I egui-showcase: egui_android_ui::widgets::text_edit: [TextEdit] render end
08-08 14:14:06.526 31813  6689 I egui-showcase: egui_android_ui::widgets::text_edit: [TextEdit] render end
08-08 14:14:06.527 31813  6689 I egui-showcase: egui_android_ui::widgets::text_edit: [TextEdit] render end
08-08 14:14:06.527 31813  6689 I egui-showcase: egui_android_ui::widgets::text_edit: [TextEdit] render end
08-08 14:14:06.529 31813  6689 I egui-showcase: egui_android_platform_android::r#loop: LOOP: frame() вернулся
08-08 14:14:06.529 31813  6689 I egui-showcase: egui_android_platform_android::ime_jni: LOOP-JNI: update_cursor_rect enter [54,782,63,841]
08-08 14:14:06.530 31813  6689 I EguiActivity: updateCursorRect: [54, 782, 63, 841]
08-08 14:14:06.530 31813  6689 I egui-showcase: egui_android_platform_android::ime_jni: LOOP-JNI: update_cursor_rect exit
08-08 14:14:06.530 31813  6689 I egui-showcase: egui_android_platform_android::r#loop: LOOP: repaint_delay = 0ns (had_events=false, had_notify=false, событий в кадре=0)
08-08 14:14:06.530 31813  6689 I egui-showcase: egui_android_platform_android::r#loop: LOOP: render_frame begin (w=1280 h=2772)
08-08 14:14:06.531 31813  6689 I egui-showcase: egui_android_platform_android::graphics: render_frame: GL setup done
08-08 14:14:06.531 31813  6689 I egui-showcase: egui_android_platform_android::graphics: render_frame: tessellate done, primitives=18
08-08 14:14:06.532 31813  6689 I egui-showcase: egui_android_platform_android::graphics: render_frame: paint done
08-08 14:14:06.532 31813  6689 I egui-showcase: egui_android_platform_android::egl_backend: EglState: swap_buffers begin
08-08 14:14:06.533 31813  6689 I egui-showcase: egui_android_platform_android::egl_backend: EglState: swap_buffers end
08-08 14:14:06.533 31813  6689 I egui-showcase: egui_android_platform_android::r#loop: LOOP: render_frame end success=true
08-08 14:14:06.540 31813  6689 I egui-showcase: egui_android_ui::widgets::text_edit: [TextEdit] render end
08-08 14:14:06.540 31813  6689 I egui-showcase: egui_android_ui::widgets::text_edit: [TextEdit] publish_editor_state enter Id::new(5657567104995057543)
08-08 14:14:06.540 31813  6689 I egui-showcase: egui_android_ui::widgets::text_edit: [TextEdit] publish_editor_state exit Id::new(5657567104995057543)
08-08 14:14:06.540 31813  6689 I egui-showcase: egui_android_ui::widgets::text_edit: [TextEdit] render end
08-08 14:14:06.541 31813  6689 I egui-showcase: egui_android_ui::widgets::text_edit: [TextEdit] render end
08-08 14:14:06.541 31813  6689 I egui-showcase: egui_android_ui::widgets::text_edit: [TextEdit] render end
08-08 14:14:06.541 31813  6689 I egui-showcase: egui_android_ui::widgets::text_edit: [TextEdit] render end
08-08 14:14:06.542 31813  6689 I egui-showcase: egui_android_platform_android::r#loop: LOOP: frame() вернулся
08-08 14:14:06.542 31813  6689 I egui-showcase: egui_android_platform_android::ime_jni: LOOP-JNI: update_cursor_rect enter [54,782,63,841]
08-08 14:14:06.543 31813  6689 I EguiActivity: updateCursorRect: [54, 782, 63, 841]
08-08 14:14:06.543 31813  6689 I egui-showcase: egui_android_platform_android::ime_jni: LOOP-JNI: update_cursor_rect exit
08-08 14:14:06.543 31813  6689 I egui-showcase: egui_android_platform_android::r#loop: LOOP: repaint_delay = 476.488096ms (had_events=false, had_notify=false, событий в кадре=0)
08-08 14:14:06.543 31813  6689 I egui-showcase: egui_android_platform_android::r#loop: LOOP: render_frame begin (w=1280 h=2772)
08-08 14:14:06.543 31813  6689 I egui-showcase: egui_android_platform_android::graphics: render_frame: GL setup done
08-08 14:14:06.543 31813  6689 I egui-showcase: egui_android_platform_android::graphics: render_frame: tessellate done, primitives=17
08-08 14:14:06.544 31813  6689 I egui-showcase: egui_android_platform_android::graphics: render_frame: paint done
08-08 14:14:06.544 31813  6689 I egui-showcase: egui_android_platform_android::egl_backend: EglState: swap_buffers begin
08-08 14:14:06.545 31813  6689 I egui-showcase: egui_android_platform_android::egl_backend: EglState: swap_buffers end
08-08 14:14:06.545 31813  6689 I egui-showcase: egui_android_platform_android::r#loop: LOOP: render_frame end success=true
08-08 14:14:07.024 31813  6689 I egui-showcase: egui_android_ui::widgets::text_edit: [TextEdit] render end
08-08 14:14:07.025 31813  6689 I egui-showcase: egui_android_ui::widgets::text_edit: [TextEdit] publish_editor_state enter Id::new(5657567104995057543)
08-08 14:14:07.026 31813  6689 I egui-showcase: egui_android_ui::widgets::text_edit: [TextEdit] publish_editor_state exit Id::new(5657567104995057543)
08-08 14:14:07.026 31813  6689 I egui-showcase: egui_android_ui::widgets::text_edit: [TextEdit] render end
08-08 14:14:07.027 31813  6689 I egui-showcase: egui_android_ui::widgets::text_edit: [TextEdit] render end
08-08 14:14:07.028 31813  6689 I egui-showcase: egui_android_ui::widgets::text_edit: [TextEdit] render end
08-08 14:14:07.029 31813  6689 I egui-showcase: egui_android_ui::widgets::text_edit: [TextEdit] render end
08-08 14:14:07.031 31813  6689 I egui-showcase: egui_android_platform_android::r#loop: LOOP: frame() вернулся
08-08 14:14:07.031 31813  6689 I egui-showcase: egui_android_platform_android::ime_jni: LOOP-JNI: update_cursor_rect enter [54,782,63,841]
08-08 14:14:07.031 31813  6689 I EguiActivity: updateCursorRect: [54, 782, 63, 841]
08-08 14:14:07.032 31813  6689 I egui-showcase: egui_android_platform_android::ime_jni: LOOP-JNI: update_cursor_rect exit
08-08 14:14:07.032 31813  6689 I egui-showcase: egui_android_platform_android::r#loop: LOOP: repaint_delay = 0ns (had_events=false, had_notify=false, событий в кадре=0)
08-08 14:14:07.032 31813  6689 I egui-showcase: egui_android_platform_android::r#loop: LOOP: render_frame begin (w=1280 h=2772)
08-08 14:14:07.032 31813  6689 I egui-showcase: egui_android_platform_android::graphics: render_frame: GL setup done
08-08 14:14:07.033 31813  6689 I egui-showcase: egui_android_platform_android::graphics: render_frame: tessellate done, primitives=17
08-08 14:14:07.034 31813  6689 I egui-showcase: egui_android_platform_android::graphics: render_frame: paint done
08-08 14:14:07.034 31813  6689 I egui-showcase: egui_android_platform_android::egl_backend: EglState: swap_buffers begin
08-08 14:14:07.036 31813  6689 I egui-showcase: egui_android_platform_android::egl_backend: EglState: swap_buffers end
08-08 14:14:07.036 31813  6689 I egui-showcase: egui_android_platform_android::r#loop: LOOP: render_frame end success=true
08-08 14:14:07.039 31813  6689 I egui-showcase: egui_android_ui::widgets::text_edit: [TextEdit] render end
08-08 14:14:07.040 31813  6689 I egui-showcase: egui_android_ui::widgets::text_edit: [TextEdit] publish_editor_state enter Id::new(5657567104995057543)
08-08 14:14:07.040 31813  6689 I egui-showcase: egui_android_ui::widgets::text_edit: [TextEdit] publish_editor_state exit Id::new(5657567104995057543)
08-08 14:14:07.040 31813  6689 I egui-showcase: egui_android_ui::widgets::text_edit: [TextEdit] render end
08-08 14:14:07.041 31813  6689 I egui-showcase: egui_android_ui::widgets::text_edit: [TextEdit] render end
08-08 14:14:07.041 31813  6689 I egui-showcase: egui_android_ui::widgets::text_edit: [TextEdit] render end
08-08 14:14:07.042 31813  6689 I egui-showcase: egui_android_ui::widgets::text_edit: [TextEdit] render end
08-08 14:14:07.043 31813  6689 I egui-showcase: egui_android_platform_android::r#loop: LOOP: frame() вернулся
08-08 14:14:07.043 31813  6689 I egui-showcase: egui_android_platform_android::ime_jni: LOOP-JNI: update_cursor_rect enter [54,782,63,841]
08-08 14:14:07.044 31813  6689 I EguiActivity: updateCursorRect: [54, 782, 63, 841]
08-08 14:14:07.044 31813  6689 I egui-showcase: egui_android_platform_android::ime_jni: LOOP-JNI: update_cursor_rect exit
08-08 14:14:07.044 31813  6689 I egui-showcase: egui_android_platform_android::r#loop: LOOP: repaint_delay = 476.94729ms (had_events=false, had_notify=false, событий в кадре=0)
08-08 14:14:07.044 31813  6689 I egui-showcase: egui_android_platform_android::r#loop: LOOP: render_frame begin (w=1280 h=2772)
08-08 14:14:07.044 31813  6689 I egui-showcase: egui_android_platform_android::graphics: render_frame: GL setup done
08-08 14:14:07.044 31813  6689 I egui-showcase: egui_android_platform_android::graphics: render_frame: tessellate done, primitives=18
08-08 14:14:07.045 31813  6689 I egui-showcase: egui_android_platform_android::graphics: render_frame: paint done
08-08 14:14:07.045 31813  6689 I egui-showcase: egui_android_platform_android::egl_backend: EglState: swap_buffers begin
08-08 14:14:07.046 31813  6689 I egui-showcase: egui_android_platform_android::egl_backend: EglState: swap_buffers end
08-08 14:14:07.046 31813  6689 I egui-showcase: egui_android_platform_android::r#loop: LOOP: render_frame end success=true
08-08 14:14:07.294 31813 31813 I EguiImeView: commitText: 'р' (thread=main)
08-08 14:14:07.294 31813 31813 I egui-showcase: egui_android_platform_android::ime_jni: IME-JNI: commitText -> "р"
08-08 14:14:07.294 31813 31813 I egui-showcase: egui_android_platform_android::ime_jni: IME-JNI: push_cmd enter (thread=<no-name>)
08-08 14:14:07.294 31813 31813 I egui-showcase: egui_android_platform_android::ime_jni: IME-JNI: push_cmd exit (thread=<no-name>)
08-08 14:14:07.523 31813  6689 I egui-showcase: egui_android_platform_android::r#loop: LOOP: IME-команд на этом кадре: 1
08-08 14:14:07.524 31813  6689 I egui-showcase: egui_android_platform_android::input_processing: IME: commitText -> "р" (ImeEvent::Commit, next frame)
08-08 14:14:07.526 31813  6689 I egui-showcase: egui_android_ui::widgets::text_edit: [TextEdit] render end
08-08 14:14:07.527 31813  6689 I egui-showcase: egui_android_ui::widgets::text_edit: [TextEdit] publish_editor_state enter Id::new(5657567104995057543)
08-08 14:14:07.527 31813  6689 I egui-showcase: egui_android_ui::widgets::text_edit: [TextEdit] publish_editor_state exit Id::new(5657567104995057543)
08-08 14:14:07.527 31813  6689 I egui-showcase: egui_android_ui::widgets::text_edit: [TextEdit] render end
08-08 14:14:07.528 31813  6689 I egui-showcase: egui_android_ui::widgets::text_edit: [TextEdit] render end
08-08 14:14:07.529 31813  6689 I egui-showcase: egui_android_ui::widgets::text_edit: [TextEdit] render end
08-08 14:14:07.530 31813  6689 I egui-showcase: egui_android_ui::widgets::text_edit: [TextEdit] render end
08-08 14:14:07.532 31813  6689 I egui-showcase: egui_android_platform_android::r#loop: LOOP: frame() вернулся
08-08 14:14:07.532 31813  6689 I egui-showcase: egui_android_platform_android::ime_jni: LOOP-JNI: update_cursor_rect enter [54,782,63,841]
08-08 14:14:07.532 31813  6689 I EguiActivity: updateCursorRect: [54, 782, 63, 841]
08-08 14:14:07.532 31813  6689 I egui-showcase: egui_android_platform_android::ime_jni: LOOP-JNI: update_cursor_rect exit
08-08 14:14:07.533 31813  6689 I egui-showcase: egui_android_platform_android::r#loop: LOOP: repaint_delay = 0ns (had_events=true, had_notify=false, событий в кадре=0)
08-08 14:14:07.533 31813  6689 I egui-showcase: egui_android_platform_android::r#loop: LOOP: render_frame begin (w=1280 h=2772)
08-08 14:14:07.533 31813  6689 I egui-showcase: egui_android_platform_android::graphics: render_frame: GL setup done
08-08 14:14:07.534 31813  6689 I egui-showcase: egui_android_platform_android::graphics: render_frame: tessellate done, primitives=18
08-08 14:14:07.534 31813  6689 I egui-showcase: egui_android_platform_android::graphics: render_frame: paint done
08-08 14:14:07.534 31813  6689 I egui-showcase: egui_android_platform_android::egl_backend: EglState: swap_buffers begin
08-08 14:14:07.536 31813  6689 I egui-showcase: egui_android_platform_android::egl_backend: EglState: swap_buffers end
08-08 14:14:07.536 31813  6689 I egui-showcase: egui_android_platform_android::r#loop: LOOP: render_frame end success=true
08-08 14:14:07.541 31813  6689 I egui-showcase: egui_android_ui::widgets::text_edit: [TextEdit] render end
08-08 14:14:07.543 31813  6689 I egui-showcase: egui_android_ui::widgets::text_edit: [TextEdit] id=Id::new(5657567104995057543) has_focus=true gained=false lost=false changed=true buffer="р"
08-08 14:14:07.543 31813  6689 I egui-showcase: egui_android_ui::widgets::text_edit: [TextEdit] publish_editor_state enter Id::new(5657567104995057543)
08-08 14:14:07.543 31813  6689 I egui-showcase: egui_android_ui::widgets::text_edit: [TextEdit] publish_editor_state exit Id::new(5657567104995057543)
08-08 14:14:07.543 31813  6689 I egui-showcase: egui_android_ui::widgets::text_edit: [TextEdit] enter changed-block, buffer="р"
08-08 14:14:07.543 31813  6689 I egui-showcase: egui_android_ui::widgets::text_edit: [TextEdit] buffer cloned: "р"
08-08 14:14:07.543 31813  6689 I egui-showcase: egui_android_ui::widgets::text_edit: [TextEdit] calling on_changed
08-08 14:14:07.543 31813  6689 I egui-showcase: egui_android_ui::remember: RememberState.set: begin, id=Id::new(("FFFF", "__top_ui")).with(IdSalt::new("child")).with(IdSalt::new("child")).with(IdSalt::new("child")).with(IdSalt::new("child")).with("te_password")
08-08 14:14:07.543 31813  6689 I egui-showcase: egui_android_ui::remember: RememberState.set: write done
08-08 14:14:07.543 31813  6689 I egui-showcase: egui_android_ui::remember: RememberState.set: persist done
08-08 14:14:07.543 31813  6689 I egui-showcase: egui_android_ui::remember: RememberState.set: end
08-08 14:14:07.543 31813  6689 I egui-showcase: egui_android_ui::widgets::text_edit: [TextEdit] on_changed done
08-08 14:14:07.543 31813  6689 I egui-showcase: egui_android_ui::widgets::text_edit: [TextEdit] changed-block done
08-08 14:14:07.543 31813  6689 I egui-showcase: egui_android_ui::widgets::text_edit: [TextEdit] render end
08-08 14:14:07.544 31813  6689 I egui-showcase: egui_android_ui::widgets::text_edit: [TextEdit] render end
08-08 14:14:07.544 31813  6689 I egui-showcase: egui_android_ui::widgets::text_edit: [TextEdit] render end
08-08 14:14:07.545 31813  6689 I egui-showcase: egui_android_ui::widgets::text_edit: [TextEdit] render end
08-08 14:14:07.545 31813  6689 I egui-showcase: egui_android_platform_android::r#loop: LOOP: frame() вернулся
08-08 14:14:07.546 31813  6689 I egui-showcase: egui_android_platform_android::ime_jni: LOOP-JNI: update_cursor_rect enter [54,782,63,841]
08-08 14:14:07.546 31813  6689 I EguiActivity: updateCursorRect: [54, 782, 63, 841]
08-08 14:14:07.546 31813  6689 I egui-showcase: egui_android_platform_android::ime_jni: LOOP-JNI: update_cursor_rect exit
08-08 14:14:07.546 31813  6689 I egui-showcase: egui_android_platform_android::r#loop: LOOP: repaint_delay = 0ns (had_events=false, had_notify=false, событий в кадре=1)
08-08 14:14:07.546 31813  6689 I egui-showcase: egui_android_platform_android::r#loop: LOOP: render_frame begin (w=1280 h=2772)
08-08 14:14:07.546 31813  6689 I egui-showcase: egui_android_platform_android::graphics: render_frame: GL setup done
08-08 14:14:07.547 31813  6689 I egui-showcase: egui_android_platform_android::graphics: render_frame: tessellate done, primitives=18
08-08 14:14:07.547 31813  6689 I egui-showcase: egui_android_platform_android::graphics: render_frame: paint done
08-08 14:14:07.547 31813  6689 I egui-showcase: egui_android_platform_android::egl_backend: EglState: swap_buffers begin
08-08 14:14:07.548 31813  6689 I egui-showcase: egui_android_platform_android::egl_backend: EglState: swap_buffers end
08-08 14:14:07.548 31813  6689 I egui-showcase: egui_android_platform_android::r#loop: LOOP: render_frame end success=true
08-08 14:14:07.558 31813  6689 I egui-showcase: egui_android_ui::widgets::text_edit: [TextEdit] render end
08-08 14:14:07.558 31813  6689 I egui-showcase: egui_android_ui::widgets::text_edit: [TextEdit] publish_editor_state enter Id::new(5657567104995057543)
08-08 14:14:07.558 31813  6689 I egui-showcase: egui_android_ui::widgets::text_edit: [TextEdit] publish_editor_state exit Id::new(5657567104995057543)
08-08 14:14:07.558 31813  6689 I egui-showcase: egui_android_ui::widgets::text_edit: [TextEdit] render end
08-08 14:14:07.559 31813  6689 I egui-showcase: egui_android_ui::widgets::text_edit: [TextEdit] render end
08-08 14:14:07.559 31813  6689 I egui-showcase: egui_android_ui::widgets::text_edit: [TextEdit] render end
08-08 14:14:07.559 31813  6689 I egui-showcase: egui_android_ui::widgets::text_edit: [TextEdit] render end
08-08 14:14:07.560 31813  6689 I egui-showcase: egui_android_platform_android::r#loop: LOOP: frame() вернулся
08-08 14:14:07.560 31813  6689 I egui-showcase: egui_android_platform_android::ime_jni: LOOP-JNI: update_cursor_rect enter [69,782,79,841]
08-08 14:14:07.560 31813  6689 I EguiActivity: updateCursorRect: [69, 782, 79, 841]
08-08 14:14:07.560 31813  6689 I egui-showcase: egui_android_platform_android::ime_jni: LOOP-JNI: update_cursor_rect exit
08-08 14:14:07.560 31813  6689 I egui-showcase: egui_android_platform_android::r#loop: LOOP: repaint_delay = 0ns (had_events=false, had_notify=false, событий в кадре=0)
08-08 14:14:07.560 31813  6689 I egui-showcase: egui_android_platform_android::r#loop: LOOP: render_frame begin (w=1280 h=2772)
08-08 14:14:07.560 31813  6689 I egui-showcase: egui_android_platform_android::graphics: render_frame: GL setup done
08-08 14:14:07.561 31813  6689 I egui-showcase: egui_android_platform_android::graphics: render_frame: tessellate done, primitives=18
08-08 14:14:07.561 31813  6689 I egui-showcase: egui_android_platform_android::graphics: render_frame: paint done
08-08 14:14:07.561 31813  6689 I egui-showcase: egui_android_platform_android::egl_backend: EglState: swap_buffers begin
08-08 14:14:07.562 31813  6689 I egui-showcase: egui_android_platform_android::egl_backend: EglState: swap_buffers end
08-08 14:14:07.562 31813  6689 I egui-showcase: egui_android_platform_android::r#loop: LOOP: render_frame end success=true
08-08 14:14:07.574 31813  6689 I egui-showcase: egui_android_ui::widgets::text_edit: [TextEdit] render end
08-08 14:14:07.575 31813  6689 I egui-showcase: egui_android_ui::widgets::text_edit: [TextEdit] publish_editor_state enter Id::new(5657567104995057543)
08-08 14:14:07.575 31813  6689 I egui-showcase: egui_android_ui::widgets::text_edit: [TextEdit] publish_editor_state exit Id::new(5657567104995057543)
08-08 14:14:07.575 31813  6689 I egui-showcase: egui_android_ui::widgets::text_edit: [TextEdit] render end
08-08 14:14:07.575 31813  6689 I egui-showcase: egui_android_ui::widgets::text_edit: [TextEdit] render end
08-08 14:14:07.575 31813  6689 I egui-showcase: egui_android_ui::widgets::text_edit: [TextEdit] render end
08-08 14:14:07.575 31813  6689 I egui-showcase: egui_android_ui::widgets::text_edit: [TextEdit] render end
08-08 14:14:07.576 31813  6689 I egui-showcase: egui_android_platform_android::r#loop: LOOP: frame() вернулся
08-08 14:14:07.576 31813  6689 I egui-showcase: egui_android_platform_android::ime_jni: LOOP-JNI: update_cursor_rect enter [69,782,79,841]
08-08 14:14:07.576 31813  6689 I EguiActivity: updateCursorRect: [69, 782, 79, 841]
08-08 14:14:07.576 31813  6689 I egui-showcase: egui_android_platform_android::ime_jni: LOOP-JNI: update_cursor_rect exit
08-08 14:14:07.576 31813  6689 I egui-showcase: egui_android_platform_android::r#loop: LOOP: repaint_delay = 450.006229ms (had_events=false, had_notify=false, событий в кадре=0)
08-08 14:14:07.576 31813  6689 I egui-showcase: egui_android_platform_android::r#loop: LOOP: render_frame begin (w=1280 h=2772)
08-08 14:14:07.577 31813  6689 I egui-showcase: egui_android_platform_android::graphics: render_frame: GL setup done
08-08 14:14:07.577 31813  6689 I egui-showcase: egui_android_platform_android::graphics: render_frame: tessellate done, primitives=18
08-08 14:14:07.577 31813  6689 I egui-showcase: egui_android_platform_android::graphics: render_frame: paint done
08-08 14:14:07.577 31813  6689 I egui-showcase: egui_android_platform_android::egl_backend: EglState: swap_buffers begin
08-08 14:14:07.578 31813  6689 I egui-showcase: egui_android_platform_android::egl_backend: EglState: swap_buffers end
08-08 14:14:07.578 31813  6689 I egui-showcase: egui_android_platform_android::r#loop: LOOP: render_frame end success=true
08-08 14:14:07.980 31813 31813 I EguiImeView: commitText: 'р' (thread=main)
08-08 14:14:07.980 31813 31813 I egui-showcase: egui_android_platform_android::ime_jni: IME-JNI: commitText -> "р"
08-08 14:14:07.980 31813 31813 I egui-showcase: egui_android_platform_android::ime_jni: IME-JNI: push_cmd enter (thread=<no-name>)
08-08 14:14:07.980 31813 31813 I egui-showcase: egui_android_platform_android::ime_jni: IME-JNI: push_cmd exit (thread=<no-name>)
08-08 14:14:08.029 31813  6689 I egui-showcase: egui_android_platform_android::r#loop: LOOP: IME-команд на этом кадре: 1
08-08 14:14:08.029 31813  6689 I egui-showcase: egui_android_platform_android::input_processing: IME: commitText -> "р" (ImeEvent::Commit, next frame)
08-08 14:14:08.032 31813  6689 I egui-showcase: egui_android_ui::widgets::text_edit: [TextEdit] render end
08-08 14:14:08.033 31813  6689 I egui-showcase: egui_android_ui::widgets::text_edit: [TextEdit] publish_editor_state enter Id::new(5657567104995057543)
08-08 14:14:08.034 31813  6689 I egui-showcase: egui_android_ui::widgets::text_edit: [TextEdit] publish_editor_state exit Id::new(5657567104995057543)
08-08 14:14:08.034 31813  6689 I egui-showcase: egui_android_ui::widgets::text_edit: [TextEdit] render end
08-08 14:14:08.035 31813  6689 I egui-showcase: egui_android_ui::widgets::text_edit: [TextEdit] render end
08-08 14:14:08.036 31813  6689 I egui-showcase: egui_android_ui::widgets::text_edit: [TextEdit] render end
08-08 14:14:08.036 31813  6689 I egui-showcase: egui_android_ui::widgets::text_edit: [TextEdit] render end
08-08 14:14:08.038 31813  6689 I egui-showcase: egui_android_platform_android::r#loop: LOOP: frame() вернулся
08-08 14:14:08.039 31813  6689 I egui-showcase: egui_android_platform_android::ime_jni: LOOP-JNI: update_cursor_rect enter [69,782,79,841]
08-08 14:14:08.039 31813  6689 I EguiActivity: updateCursorRect: [69, 782, 79, 841]
08-08 14:14:08.039 31813  6689 I egui-showcase: egui_android_platform_android::ime_jni: LOOP-JNI: update_cursor_rect exit
08-08 14:14:08.039 31813  6689 I egui-showcase: egui_android_platform_android::r#loop: LOOP: repaint_delay = 0ns (had_events=true, had_notify=false, событий в кадре=0)
08-08 14:14:08.039 31813  6689 I egui-showcase: egui_android_platform_android::r#loop: LOOP: render_frame begin (w=1280 h=2772)
08-08 14:14:08.040 31813  6689 I egui-showcase: egui_android_platform_android::graphics: render_frame: GL setup done
08-08 14:14:08.041 31813  6689 I egui-showcase: egui_android_platform_android::graphics: render_frame: tessellate done, primitives=18
08-08 14:14:08.041 31813  6689 I egui-showcase: egui_android_platform_android::graphics: render_frame: paint done
08-08 14:14:08.041 31813  6689 I egui-showcase: egui_android_platform_android::egl_backend: EglState: swap_buffers begin
08-08 14:14:08.043 31813  6689 I egui-showcase: egui_android_platform_android::egl_backend: EglState: swap_buffers end
08-08 14:14:08.043 31813  6689 I egui-showcase: egui_android_platform_android::r#loop: LOOP: render_frame end success=true
08-08 14:14:08.047 31813  6689 I egui-showcase: egui_android_ui::widgets::text_edit: [TextEdit] render end
08-08 14:14:08.049 31813  6689 I egui-showcase: egui_android_ui::widgets::text_edit: [TextEdit] id=Id::new(5657567104995057543) has_focus=true gained=false lost=false changed=true buffer="рр"
08-08 14:14:08.049 31813  6689 I egui-showcase: egui_android_ui::widgets::text_edit: [TextEdit] publish_editor_state enter Id::new(5657567104995057543)
08-08 14:14:08.049 31813  6689 I egui-showcase: egui_android_ui::widgets::text_edit: [TextEdit] publish_editor_state exit Id::new(5657567104995057543)
08-08 14:14:08.049 31813  6689 I egui-showcase: egui_android_ui::widgets::text_edit: [TextEdit] enter changed-block, buffer="рр"
08-08 14:14:08.049 31813  6689 I egui-showcase: egui_android_ui::widgets::text_edit: [TextEdit] buffer cloned: "рр"
08-08 14:14:08.049 31813  6689 I egui-showcase: egui_android_ui::widgets::text_edit: [TextEdit] calling on_changed
08-08 14:14:08.049 31813  6689 I egui-showcase: egui_android_ui::remember: RememberState.set: begin, id=Id::new(("FFFF", "__top_ui")).with(IdSalt::new("child")).with(IdSalt::new("child")).with(IdSalt::new("child")).with(IdSalt::new("child")).with("te_password")
08-08 14:14:08.049 31813  6689 I egui-showcase: egui_android_ui::remember: RememberState.set: write done
08-08 14:14:08.049 31813  6689 I egui-showcase: egui_android_ui::remember: RememberState.set: persist done
08-08 14:14:08.049 31813  6689 I egui-showcase: egui_android_ui::remember: RememberState.set: end
08-08 14:14:08.049 31813  6689 I egui-showcase: egui_android_ui::widgets::text_edit: [TextEdit] on_changed done
08-08 14:14:08.049 31813  6689 I egui-showcase: egui_android_ui::widgets::text_edit: [TextEdit] changed-block done
08-08 14:14:08.049 31813  6689 I egui-showcase: egui_android_ui::widgets::text_edit: [TextEdit] render end
08-08 14:14:08.050 31813  6689 I egui-showcase: egui_android_ui::widgets::text_edit: [TextEdit] render end
08-08 14:14:08.050 31813  6689 I egui-showcase: egui_android_ui::widgets::text_edit: [TextEdit] render end
08-08 14:14:08.051 31813  6689 I egui-showcase: egui_android_ui::widgets::text_edit: [TextEdit] render end
08-08 14:14:08.052 31813  6689 I egui-showcase: egui_android_platform_android::r#loop: LOOP: frame() вернулся
08-08 14:14:08.052 31813  6689 I egui-showcase: egui_android_platform_android::ime_jni: LOOP-JNI: update_cursor_rect enter [84,782,94,841]
08-08 14:14:08.052 31813  6689 I EguiActivity: updateCursorRect: [84, 782, 94, 841]
08-08 14:14:08.052 31813  6689 I egui-showcase: egui_android_platform_android::ime_jni: LOOP-JNI: update_cursor_rect exit
08-08 14:14:08.052 31813  6689 I egui-showcase: egui_android_platform_android::r#loop: LOOP: repaint_delay = 0ns (had_events=false, had_notify=false, событий в кадре=1)
08-08 14:14:08.052 31813  6689 I egui-showcase: egui_android_platform_android::r#loop: LOOP: render_frame begin (w=1280 h=2772)
08-08 14:14:08.052 31813  6689 I egui-showcase: egui_android_platform_android::graphics: render_frame: GL setup done
08-08 14:14:08.053 31813  6689 I egui-showcase: egui_android_platform_android::graphics: render_frame: tessellate done, primitives=18
08-08 14:14:08.053 31813  6689 I egui-showcase: egui_android_platform_android::graphics: render_frame: paint done
08-08 14:14:08.053 31813  6689 I egui-showcase: egui_android_platform_android::egl_backend: EglState: swap_buffers begin
08-08 14:14:08.054 31813  6689 I egui-showcase: egui_android_platform_android::egl_backend: EglState: swap_buffers end
08-08 14:14:08.054 31813  6689 I egui-showcase: egui_android_platform_android::r#loop: LOOP: render_frame end success=true
08-08 14:14:08.063 31813  6689 I egui-showcase: egui_android_ui::widgets::text_edit: [TextEdit] render end
08-08 14:14:08.064 31813  6689 I egui-showcase: egui_android_ui::widgets::text_edit: [TextEdit] publish_editor_state enter Id::new(5657567104995057543)
08-08 14:14:08.064 31813  6689 I egui-showcase: egui_android_ui::widgets::text_edit: [TextEdit] publish_editor_state exit Id::new(5657567104995057543)
08-08 14:14:08.064 31813  6689 I egui-showcase: egui_android_ui::widgets::text_edit: [TextEdit] render end
08-08 14:14:08.064 31813  6689 I egui-showcase: egui_android_ui::widgets::text_edit: [TextEdit] render end
08-08 14:14:08.065 31813  6689 I egui-showcase: egui_android_ui::widgets::text_edit: [TextEdit] render end
08-08 14:14:08.065 31813  6689 I egui-showcase: egui_android_ui::widgets::text_edit: [TextEdit] render end
08-08 14:14:08.066 31813  6689 I egui-showcase: egui_android_platform_android::r#loop: LOOP: frame() вернулся
08-08 14:14:08.066 31813  6689 I egui-showcase: egui_android_platform_android::ime_jni: LOOP-JNI: update_cursor_rect enter [84,782,94,841]
08-08 14:14:08.066 31813  6689 I EguiActivity: updateCursorRect: [84, 782, 94, 841]
08-08 14:14:08.066 31813  6689 I egui-showcase: egui_android_platform_android::ime_jni: LOOP-JNI: update_cursor_rect exit
08-08 14:14:08.066 31813  6689 I egui-showcase: egui_android_platform_android::r#loop: LOOP: repaint_delay = 0ns (had_events=false, had_notify=false, событий в кадре=0)
08-08 14:14:08.066 31813  6689 I egui-showcase: egui_android_platform_android::r#loop: LOOP: render_frame begin (w=1280 h=2772)
08-08 14:14:08.066 31813  6689 I egui-showcase: egui_android_platform_android::graphics: render_frame: GL setup done
08-08 14:14:08.067 31813  6689 I egui-showcase: egui_android_platform_android::graphics: render_frame: tessellate done, primitives=18
08-08 14:14:08.067 31813  6689 I egui-showcase: egui_android_platform_android::graphics: render_frame: paint done
08-08 14:14:08.067 31813  6689 I egui-showcase: egui_android_platform_android::egl_backend: EglState: swap_buffers begin
08-08 14:14:08.067 31813  6689 I egui-showcase: egui_android_platform_android::egl_backend: EglState: swap_buffers end
08-08 14:14:08.068 31813  6689 I egui-showcase: egui_android_platform_android::r#loop: LOOP: render_frame end success=true
08-08 14:14:08.080 31813  6689 I egui-showcase: egui_android_ui::widgets::text_edit: [TextEdit] render end
08-08 14:14:08.080 31813  6689 I egui-showcase: egui_android_ui::widgets::text_edit: [TextEdit] publish_editor_state enter Id::new(5657567104995057543)
08-08 14:14:08.080 31813  6689 I egui-showcase: egui_android_ui::widgets::text_edit: [TextEdit] publish_editor_state exit Id::new(5657567104995057543)
08-08 14:14:08.080 31813  6689 I egui-showcase: egui_android_ui::widgets::text_edit: [TextEdit] render end
08-08 14:14:08.080 31813  6689 I egui-showcase: egui_android_ui::widgets::text_edit: [TextEdit] render end
08-08 14:14:08.080 31813  6689 I egui-showcase: egui_android_ui::widgets::text_edit: [TextEdit] render end
08-08 14:14:08.080 31813  6689 I egui-showcase: egui_android_ui::widgets::text_edit: [TextEdit] render end
08-08 14:14:08.081 31813  6689 I egui-showcase: egui_android_platform_android::r#loop: LOOP: frame() вернулся
08-08 14:14:08.081 31813  6689 I egui-showcase: egui_android_platform_android::ime_jni: LOOP-JNI: update_cursor_rect enter [84,782,94,841]
08-08 14:14:08.081 31813  6689 I EguiActivity: updateCursorRect: [84, 782, 94, 841]
08-08 14:14:08.081 31813  6689 I egui-showcase: egui_android_platform_android::ime_jni: LOOP-JNI: update_cursor_rect exit
08-08 14:14:08.081 31813  6689 I egui-showcase: egui_android_platform_android::r#loop: LOOP: repaint_delay = 450.008614ms (had_events=false, had_notify=false, событий в кадре=0)
08-08 14:14:08.081 31813  6689 I egui-showcase: egui_android_platform_android::r#loop: LOOP: render_frame begin (w=1280 h=2772)
08-08 14:14:08.081 31813  6689 I egui-showcase: egui_android_platform_android::graphics: render_frame: GL setup done
08-08 14:14:08.081 31813  6689 I egui-showcase: egui_android_platform_android::graphics: render_frame: tessellate done, primitives=18
08-08 14:14:08.082 31813  6689 I egui-showcase: egui_android_platform_android::graphics: render_frame: paint done
08-08 14:14:08.082 31813  6689 I egui-showcase: egui_android_platform_android::egl_backend: EglState: swap_buffers begin
08-08 14:14:08.082 31813  6689 I egui-showcase: egui_android_platform_android::egl_backend: EglState: swap_buffers end
08-08 14:14:08.082 31813  6689 I egui-showcase: egui_android_platform_android::r#loop: LOOP: render_frame end success=true
08-08 14:14:08.462 31813 31813 I EguiImeView: commitText: 'р' (thread=main)
08-08 14:14:08.462 31813 31813 I egui-showcase: egui_android_platform_android::ime_jni: IME-JNI: commitText -> "р"
08-08 14:14:08.462 31813 31813 I egui-showcase: egui_android_platform_android::ime_jni: IME-JNI: push_cmd enter (thread=<no-name>)
08-08 14:14:08.462 31813 31813 I egui-showcase: egui_android_platform_android::ime_jni: IME-JNI: push_cmd exit (thread=<no-name>)
08-08 14:14:08.533 31813  6689 I egui-showcase: egui_android_platform_android::r#loop: LOOP: IME-команд на этом кадре: 1
08-08 14:14:08.533 31813  6689 I egui-showcase: egui_android_platform_android::input_processing: IME: commitText -> "р" (ImeEvent::Commit, next frame)
08-08 14:14:08.536 31813  6689 I egui-showcase: egui_android_ui::widgets::text_edit: [TextEdit] render end
08-08 14:14:08.537 31813  6689 I egui-showcase: egui_android_ui::widgets::text_edit: [TextEdit] publish_editor_state enter Id::new(5657567104995057543)
08-08 14:14:08.537 31813  6689 I egui-showcase: egui_android_ui::widgets::text_edit: [TextEdit] publish_editor_state exit Id::new(5657567104995057543)
08-08 14:14:08.537 31813  6689 I egui-showcase: egui_android_ui::widgets::text_edit: [TextEdit] render end
08-08 14:14:08.538 31813  6689 I egui-showcase: egui_android_ui::widgets::text_edit: [TextEdit] render end
08-08 14:14:08.539 31813  6689 I egui-showcase: egui_android_ui::widgets::text_edit: [TextEdit] render end
08-08 14:14:08.540 31813  6689 I egui-showcase: egui_android_ui::widgets::text_edit: [TextEdit] render end
08-08 14:14:08.542 31813  6689 I egui-showcase: egui_android_platform_android::r#loop: LOOP: frame() вернулся
08-08 14:14:08.542 31813  6689 I egui-showcase: egui_android_platform_android::ime_jni: LOOP-JNI: update_cursor_rect enter [84,782,94,841]
08-08 14:14:08.542 31813  6689 I EguiActivity: updateCursorRect: [84, 782, 94, 841]
08-08 14:14:08.543 31813  6689 I egui-showcase: egui_android_platform_android::ime_jni: LOOP-JNI: update_cursor_rect exit
08-08 14:14:08.543 31813  6689 I egui-showcase: egui_android_platform_android::r#loop: LOOP: repaint_delay = 0ns (had_events=true, had_notify=false, событий в кадре=0)
08-08 14:14:08.543 31813  6689 I egui-showcase: egui_android_platform_android::r#loop: LOOP: render_frame begin (w=1280 h=2772)
08-08 14:14:08.543 31813  6689 I egui-showcase: egui_android_platform_android::graphics: render_frame: GL setup done
08-08 14:14:08.544 31813  6689 I egui-showcase: egui_android_platform_android::graphics: render_frame: tessellate done, primitives=18
08-08 14:14:08.545 31813  6689 I egui-showcase: egui_android_platform_android::graphics: render_frame: paint done
08-08 14:14:08.545 31813  6689 I egui-showcase: egui_android_platform_android::egl_backend: EglState: swap_buffers begin
08-08 14:14:08.547 31813  6689 I egui-showcase: egui_android_platform_android::egl_backend: EglState: swap_buffers end
08-08 14:14:08.547 31813  6689 I egui-showcase: egui_android_platform_android::r#loop: LOOP: render_frame end success=true
08-08 14:14:08.551 31813  6689 I egui-showcase: egui_android_ui::widgets::text_edit: [TextEdit] render end
08-08 14:14:08.553 31813  6689 I egui-showcase: egui_android_ui::widgets::text_edit: [TextEdit] id=Id::new(5657567104995057543) has_focus=true gained=false lost=false changed=true buffer="ррр"
08-08 14:14:08.553 31813  6689 I egui-showcase: egui_android_ui::widgets::text_edit: [TextEdit] publish_editor_state enter Id::new(5657567104995057543)
08-08 14:14:08.553 31813  6689 I egui-showcase: egui_android_ui::widgets::text_edit: [TextEdit] publish_editor_state exit Id::new(5657567104995057543)
08-08 14:14:08.553 31813  6689 I egui-showcase: egui_android_ui::widgets::text_edit: [TextEdit] enter changed-block, buffer="ррр"
08-08 14:14:08.553 31813  6689 I egui-showcase: egui_android_ui::widgets::text_edit: [TextEdit] buffer cloned: "ррр"
08-08 14:14:08.553 31813  6689 I egui-showcase: egui_android_ui::widgets::text_edit: [TextEdit] calling on_changed
08-08 14:14:08.553 31813  6689 I egui-showcase: egui_android_ui::remember: RememberState.set: begin, id=Id::new(("FFFF", "__top_ui")).with(IdSalt::new("child")).with(IdSalt::new("child")).with(IdSalt::new("child")).with(IdSalt::new("child")).with("te_password")
08-08 14:14:08.553 31813  6689 I egui-showcase: egui_android_ui::remember: RememberState.set: write done
08-08 14:14:08.553 31813  6689 I egui-showcase: egui_android_ui::remember: RememberState.set: persist done
08-08 14:14:08.553 31813  6689 I egui-showcase: egui_android_ui::remember: RememberState.set: end
08-08 14:14:08.553 31813  6689 I egui-showcase: egui_android_ui::widgets::text_edit: [TextEdit] on_changed done
08-08 14:14:08.553 31813  6689 I egui-showcase: egui_android_ui::widgets::text_edit: [TextEdit] changed-block done
08-08 14:14:08.553 31813  6689 I egui-showcase: egui_android_ui::widgets::text_edit: [TextEdit] render end
08-08 14:14:08.554 31813  6689 I egui-showcase: egui_android_ui::widgets::text_edit: [TextEdit] render end
08-08 14:14:08.554 31813  6689 I egui-showcase: egui_android_ui::widgets::text_edit: [TextEdit] render end
08-08 14:14:08.555 31813  6689 I egui-showcase: egui_android_ui::widgets::text_edit: [TextEdit] render end
08-08 14:14:08.556 31813  6689 I egui-showcase: egui_android_platform_android::r#loop: LOOP: frame() вернулся
08-08 14:14:08.556 31813  6689 I egui-showcase: egui_android_platform_android::ime_jni: LOOP-JNI: update_cursor_rect enter [99,782,109,841]
08-08 14:14:08.556 31813  6689 I EguiActivity: updateCursorRect: [99, 782, 109, 841]
08-08 14:14:08.556 31813  6689 I egui-showcase: egui_android_platform_android::ime_jni: LOOP-JNI: update_cursor_rect exit
08-08 14:14:08.556 31813  6689 I egui-showcase: egui_android_platform_android::r#loop: LOOP: repaint_delay = 0ns (had_events=false, had_notify=false, событий в кадре=1)
08-08 14:14:08.556 31813  6689 I egui-showcase: egui_android_platform_android::r#loop: LOOP: render_frame begin (w=1280 h=2772)
08-08 14:14:08.556 31813  6689 I egui-showcase: egui_android_platform_android::graphics: render_frame: GL setup done
08-08 14:14:08.557 31813  6689 I egui-showcase: egui_android_platform_android::graphics: render_frame: tessellate done, primitives=18
08-08 14:14:08.557 31813  6689 I egui-showcase: egui_android_platform_android::graphics: render_frame: paint done
08-08 14:14:08.557 31813  6689 I egui-showcase: egui_android_platform_android::egl_backend: EglState: swap_buffers begin
08-08 14:14:08.558 31813  6689 I egui-showcase: egui_android_platform_android::egl_backend: EglState: swap_buffers end
08-08 14:14:08.558 31813  6689 I egui-showcase: egui_android_platform_android::r#loop: LOOP: render_frame end success=true
08-08 14:14:08.567 31813  6689 I egui-showcase: egui_android_ui::widgets::text_edit: [TextEdit] render end
08-08 14:14:08.568 31813  6689 I egui-showcase: egui_android_ui::widgets::text_edit: [TextEdit] publish_editor_state enter Id::new(5657567104995057543)
08-08 14:14:08.568 31813  6689 I egui-showcase: egui_android_ui::widgets::text_edit: [TextEdit] publish_editor_state exit Id::new(5657567104995057543)
08-08 14:14:08.568 31813  6689 I egui-showcase: egui_android_ui::widgets::text_edit: [TextEdit] render end
08-08 14:14:08.568 31813  6689 I egui-showcase: egui_android_ui::widgets::text_edit: [TextEdit] render end
08-08 14:14:08.568 31813  6689 I egui-showcase: egui_android_ui::widgets::text_edit: [TextEdit] render end
08-08 14:14:08.568 31813  6689 I egui-showcase: egui_android_ui::widgets::text_edit: [TextEdit] render end
08-08 14:14:08.569 31813  6689 I egui-showcase: egui_android_platform_android::r#loop: LOOP: frame() вернулся
08-08 14:14:08.569 31813  6689 I egui-showcase: egui_android_platform_android::ime_jni: LOOP-JNI: update_cursor_rect enter [99,782,109,841]
08-08 14:14:08.570 31813  6689 I EguiActivity: updateCursorRect: [99, 782, 109, 841]
08-08 14:14:08.570 31813  6689 I egui-showcase: egui_android_platform_android::ime_jni: LOOP-JNI: update_cursor_rect exit
08-08 14:14:08.570 31813  6689 I egui-showcase: egui_android_platform_android::r#loop: LOOP: repaint_delay = 0ns (had_events=false, had_notify=false, событий в кадре=0)
08-08 14:14:08.570 31813  6689 I egui-showcase: egui_android_platform_android::r#loop: LOOP: render_frame begin (w=1280 h=2772)
08-08 14:14:08.570 31813  6689 I egui-showcase: egui_android_platform_android::graphics: render_frame: GL setup done
08-08 14:14:08.571 31813  6689 I egui-showcase: egui_android_platform_android::graphics: render_frame: tessellate done, primitives=18
08-08 14:14:08.571 31813  6689 I egui-showcase: egui_android_platform_android::graphics: render_frame: paint done
08-08 14:14:08.571 31813  6689 I egui-showcase: egui_android_platform_android::egl_backend: EglState: swap_buffers begin
08-08 14:14:08.572 31813  6689 I egui-showcase: egui_android_platform_android::egl_backend: EglState: swap_buffers end
08-08 14:14:08.572 31813  6689 I egui-showcase: egui_android_platform_android::r#loop: LOOP: render_frame end success=true
08-08 14:14:08.584 31813  6689 I egui-showcase: egui_android_ui::widgets::text_edit: [TextEdit] render end
08-08 14:14:08.584 31813  6689 I egui-showcase: egui_android_ui::widgets::text_edit: [TextEdit] publish_editor_state enter Id::new(5657567104995057543)
08-08 14:14:08.584 31813  6689 I egui-showcase: egui_android_ui::widgets::text_edit: [TextEdit] publish_editor_state exit Id::new(5657567104995057543)
08-08 14:14:08.584 31813  6689 I egui-showcase: egui_android_ui::widgets::text_edit: [TextEdit] render end
08-08 14:14:08.584 31813  6689 I egui-showcase: egui_android_ui::widgets::text_edit: [TextEdit] render end
08-08 14:14:08.584 31813  6689 I egui-showcase: egui_android_ui::widgets::text_edit: [TextEdit] render end
08-08 14:14:08.584 31813  6689 I egui-showcase: egui_android_ui::widgets::text_edit: [TextEdit] render end
08-08 14:14:08.585 31813  6689 I egui-showcase: egui_android_platform_android::r#loop: LOOP: frame() вернулся
08-08 14:14:08.585 31813  6689 I egui-showcase: egui_android_platform_android::ime_jni: LOOP-JNI: update_cursor_rect enter [99,782,109,841]
08-08 14:14:08.585 31813  6689 I EguiActivity: updateCursorRect: [99, 782, 109, 841]
08-08 14:14:08.585 31813  6689 I egui-showcase: egui_android_platform_android::ime_jni: LOOP-JNI: update_cursor_rect exit
08-08 14:14:08.585 31813  6689 I egui-showcase: egui_android_platform_android::r#loop: LOOP: repaint_delay = 450.010044ms (had_events=false, had_notify=false, событий в кадре=0)
08-08 14:14:08.585 31813  6689 I egui-showcase: egui_android_platform_android::r#loop: LOOP: render_frame begin (w=1280 h=2772)
08-08 14:14:08.585 31813  6689 I egui-showcase: egui_android_platform_android::graphics: render_frame: GL setup done
08-08 14:14:08.585 31813  6689 I egui-showcase: egui_android_platform_android::graphics: render_frame: tessellate done, primitives=18
08-08 14:14:08.586 31813  6689 I egui-showcase: egui_android_platform_android::graphics: render_frame: paint done
08-08 14:14:08.586 31813  6689 I egui-showcase: egui_android_platform_android::egl_backend: EglState: swap_buffers begin
08-08 14:14:08.586 31813  6689 I egui-showcase: egui_android_platform_android::egl_backend: EglState: swap_buffers end
08-08 14:14:08.586 31813  6689 I egui-showcase: egui_android_platform_android::r#loop: LOOP: render_frame end success=true
08-08 14:14:08.912 31813 31813 I EguiImeView: commitText: 'р' (thread=main)
08-08 14:14:08.913 31813 31813 I egui-showcase: egui_android_platform_android::ime_jni: IME-JNI: commitText -> "р"
08-08 14:14:08.913 31813 31813 I egui-showcase: egui_android_platform_android::ime_jni: IME-JNI: push_cmd enter (thread=<no-name>)
08-08 14:14:08.913 31813 31813 I egui-showcase: egui_android_platform_android::ime_jni: IME-JNI: push_cmd exit (thread=<no-name>)
08-08 14:14:09.037 31813  6689 I egui-showcase: egui_android_platform_android::r#loop: LOOP: IME-команд на этом кадре: 1
08-08 14:14:09.037 31813  6689 I egui-showcase: egui_android_platform_android::input_processing: IME: commitText -> "р" (ImeEvent::Commit, next frame)
08-08 14:14:09.039 31813  6689 I egui-showcase: egui_android_ui::widgets::text_edit: [TextEdit] render end
08-08 14:14:09.039 31813  6689 I egui-showcase: egui_android_ui::widgets::text_edit: [TextEdit] publish_editor_state enter Id::new(5657567104995057543)
08-08 14:14:09.039 31813  6689 I egui-showcase: egui_android_ui::widgets::text_edit: [TextEdit] publish_editor_state exit Id::new(5657567104995057543)
08-08 14:14:09.039 31813  6689 I egui-showcase: egui_android_ui::widgets::text_edit: [TextEdit] render end
08-08 14:14:09.040 31813  6689 I egui-showcase: egui_android_ui::widgets::text_edit: [TextEdit] render end
08-08 14:14:09.040 31813  6689 I egui-showcase: egui_android_ui::widgets::text_edit: [TextEdit] render end
08-08 14:14:09.041 31813  6689 I egui-showcase: egui_android_ui::widgets::text_edit: [TextEdit] render end
08-08 14:14:09.041 31813  6689 I egui-showcase: egui_android_platform_android::r#loop: LOOP: frame() вернулся
08-08 14:14:09.042 31813  6689 I egui-showcase: egui_android_platform_android::ime_jni: LOOP-JNI: update_cursor_rect enter [99,782,109,841]
08-08 14:14:09.042 31813  6689 I EguiActivity: updateCursorRect: [99, 782, 109, 841]
08-08 14:14:09.042 31813  6689 I egui-showcase: egui_android_platform_android::ime_jni: LOOP-JNI: update_cursor_rect exit
08-08 14:14:09.042 31813  6689 I egui-showcase: egui_android_platform_android::r#loop: LOOP: repaint_delay = 0ns (had_events=true, had_notify=false, событий в кадре=0)
08-08 14:14:09.042 31813  6689 I egui-showcase: egui_android_platform_android::r#loop: LOOP: render_frame begin (w=1280 h=2772)
08-08 14:14:09.042 31813  6689 I egui-showcase: egui_android_platform_android::graphics: render_frame: GL setup done
08-08 14:14:09.043 31813  6689 I egui-showcase: egui_android_platform_android::graphics: render_frame: tessellate done, primitives=18
08-08 14:14:09.043 31813  6689 I egui-showcase: egui_android_platform_android::graphics: render_frame: paint done
08-08 14:14:09.043 31813  6689 I egui-showcase: egui_android_platform_android::egl_backend: EglState: swap_buffers begin
08-08 14:14:09.044 31813  6689 I egui-showcase: egui_android_platform_android::egl_backend: EglState: swap_buffers end
08-08 14:14:09.044 31813  6689 I egui-showcase: egui_android_platform_android::r#loop: LOOP: render_frame end success=true
08-08 14:14:09.054 31813  6689 I egui-showcase: egui_android_ui::widgets::text_edit: [TextEdit] render end
08-08 14:14:09.055 31813  6689 I egui-showcase: egui_android_ui::widgets::text_edit: [TextEdit] id=Id::new(5657567104995057543) has_focus=true gained=false lost=false changed=true buffer="рррр"
08-08 14:14:09.055 31813  6689 I egui-showcase: egui_android_ui::widgets::text_edit: [TextEdit] publish_editor_state enter Id::new(5657567104995057543)
08-08 14:14:09.055 31813  6689 I egui-showcase: egui_android_ui::widgets::text_edit: [TextEdit] publish_editor_state exit Id::new(5657567104995057543)
08-08 14:14:09.055 31813  6689 I egui-showcase: egui_android_ui::widgets::text_edit: [TextEdit] enter changed-block, buffer="рррр"
08-08 14:14:09.055 31813  6689 I egui-showcase: egui_android_ui::widgets::text_edit: [TextEdit] buffer cloned: "рррр"
08-08 14:14:09.055 31813  6689 I egui-showcase: egui_android_ui::widgets::text_edit: [TextEdit] calling on_changed
08-08 14:14:09.055 31813  6689 I egui-showcase: egui_android_ui::remember: RememberState.set: begin, id=Id::new(("FFFF", "__top_ui")).with(IdSalt::new("child")).with(IdSalt::new("child")).with(IdSalt::new("child")).with(IdSalt::new("child")).with("te_password")
08-08 14:14:09.055 31813  6689 I egui-showcase: egui_android_ui::remember: RememberState.set: write done
08-08 14:14:09.055 31813  6689 I egui-showcase: egui_android_ui::remember: RememberState.set: persist done
08-08 14:14:09.055 31813  6689 I egui-showcase: egui_android_ui::remember: RememberState.set: end
08-08 14:14:09.055 31813  6689 I egui-showcase: egui_android_ui::widgets::text_edit: [TextEdit] on_changed done
08-08 14:14:09.055 31813  6689 I egui-showcase: egui_android_ui::widgets::text_edit: [TextEdit] changed-block done
08-08 14:14:09.055 31813  6689 I egui-showcase: egui_android_ui::widgets::text_edit: [TextEdit] render end
08-08 14:14:09.055 31813  6689 I egui-showcase: egui_android_ui::widgets::text_edit: [TextEdit] render end
08-08 14:14:09.055 31813  6689 I egui-showcase: egui_android_ui::widgets::text_edit: [TextEdit] render end
08-08 14:14:09.055 31813  6689 I egui-showcase: egui_android_ui::widgets::text_edit: [TextEdit] render end
08-08 14:14:09.056 31813  6689 I egui-showcase: egui_android_platform_android::r#loop: LOOP: frame() вернулся
08-08 14:14:09.056 31813  6689 I egui-showcase: egui_android_platform_android::ime_jni: LOOP-JNI: update_cursor_rect enter [114,782,124,841]
08-08 14:14:09.056 31813  6689 I EguiActivity: updateCursorRect: [114, 782, 124, 841]
08-08 14:14:09.056 31813  6689 I egui-showcase: egui_android_platform_android::ime_jni: LOOP-JNI: update_cursor_rect exit
08-08 14:14:09.056 31813  6689 I egui-showcase: egui_android_platform_android::r#loop: LOOP: repaint_delay = 0ns (had_events=false, had_notify=false, событий в кадре=1)
08-08 14:14:09.056 31813  6689 I egui-showcase: egui_android_platform_android::r#loop: LOOP: render_frame begin (w=1280 h=2772)
08-08 14:14:09.056 31813  6689 I egui-showcase: egui_android_platform_android::graphics: render_frame: GL setup done
08-08 14:14:09.056 31813  6689 I egui-showcase: egui_android_platform_android::graphics: render_frame: tessellate done, primitives=18
08-08 14:14:09.056 31813  6689 I egui-showcase: egui_android_platform_android::graphics: render_frame: paint done
08-08 14:14:09.056 31813  6689 I egui-showcase: egui_android_platform_android::egl_backend: EglState: swap_buffers begin
08-08 14:14:09.057 31813  6689 I egui-showcase: egui_android_platform_android::egl_backend: EglState: swap_buffers end
08-08 14:14:09.057 31813  6689 I egui-showcase: egui_android_platform_android::r#loop: LOOP: render_frame end success=true
08-08 14:14:09.071 31813  6689 I egui-showcase: egui_android_ui::widgets::text_edit: [TextEdit] render end
08-08 14:14:09.071 31813  6689 I egui-showcase: egui_android_ui::widgets::text_edit: [TextEdit] publish_editor_state enter Id::new(5657567104995057543)
08-08 14:14:09.071 31813  6689 I egui-showcase: egui_android_ui::widgets::text_edit: [TextEdit] publish_editor_state exit Id::new(5657567104995057543)
08-08 14:14:09.071 31813  6689 I egui-showcase: egui_android_ui::widgets::text_edit: [TextEdit] render end
08-08 14:14:09.071 31813  6689 I egui-showcase: egui_android_ui::widgets::text_edit: [TextEdit] render end
08-08 14:14:09.071 31813  6689 I egui-showcase: egui_android_ui::widgets::text_edit: [TextEdit] render end
08-08 14:14:09.071 31813  6689 I egui-showcase: egui_android_ui::widgets::text_edit: [TextEdit] render end
08-08 14:14:09.072 31813  6689 I egui-showcase: egui_android_platform_android::r#loop: LOOP: frame() вернулся
08-08 14:14:09.072 31813  6689 I egui-showcase: egui_android_platform_android::ime_jni: LOOP-JNI: update_cursor_rect enter [114,782,124,841]
08-08 14:14:09.072 31813  6689 I EguiActivity: updateCursorRect: [114, 782, 124, 841]
08-08 14:14:09.072 31813  6689 I egui-showcase: egui_android_platform_android::ime_jni: LOOP-JNI: update_cursor_rect exit
08-08 14:14:09.072 31813  6689 I egui-showcase: egui_android_platform_android::r#loop: LOOP: repaint_delay = 0ns (had_events=false, had_notify=false, событий в кадре=0)
08-08 14:14:09.072 31813  6689 I egui-showcase: egui_android_platform_android::r#loop: LOOP: render_frame begin (w=1280 h=2772)
08-08 14:14:09.072 31813  6689 I egui-showcase: egui_android_platform_android::graphics: render_frame: GL setup done
08-08 14:14:09.072 31813  6689 I egui-showcase: egui_android_platform_android::graphics: render_frame: tessellate done, primitives=18
08-08 14:14:09.072 31813  6689 I egui-showcase: egui_android_platform_android::graphics: render_frame: paint done
08-08 14:14:09.072 31813  6689 I egui-showcase: egui_android_platform_android::egl_backend: EglState: swap_buffers begin
08-08 14:14:09.073 31813  6689 I egui-showcase: egui_android_platform_android::egl_backend: EglState: swap_buffers end
08-08 14:14:09.073 31813  6689 I egui-showcase: egui_android_platform_android::r#loop: LOOP: render_frame end success=true
08-08 14:14:09.087 31813  6689 I egui-showcase: egui_android_ui::widgets::text_edit: [TextEdit] render end
08-08 14:14:09.087 31813  6689 I egui-showcase: egui_android_ui::widgets::text_edit: [TextEdit] publish_editor_state enter Id::new(5657567104995057543)
08-08 14:14:09.088 31813  6689 I egui-showcase: egui_android_ui::widgets::text_edit: [TextEdit] publish_editor_state exit Id::new(5657567104995057543)
08-08 14:14:09.088 31813  6689 I egui-showcase: egui_android_ui::widgets::text_edit: [TextEdit] render end
08-08 14:14:09.088 31813  6689 I egui-showcase: egui_android_ui::widgets::text_edit: [TextEdit] render end
08-08 14:14:09.088 31813  6689 I egui-showcase: egui_android_ui::widgets::text_edit: [TextEdit] render end
08-08 14:14:09.088 31813  6689 I egui-showcase: egui_android_ui::widgets::text_edit: [TextEdit] render end
08-08 14:14:09.088 31813  6689 I egui-showcase: egui_android_platform_android::r#loop: LOOP: frame() вернулся
08-08 14:14:09.088 31813  6689 I egui-showcase: egui_android_platform_android::ime_jni: LOOP-JNI: update_cursor_rect enter [114,782,124,841]
08-08 14:14:09.089 31813  6689 I EguiActivity: updateCursorRect: [114, 782, 124, 841]
08-08 14:14:09.089 31813  6689 I egui-showcase: egui_android_platform_android::ime_jni: LOOP-JNI: update_cursor_rect exit
08-08 14:14:09.089 31813  6689 I egui-showcase: egui_android_platform_android::r#loop: LOOP: repaint_delay = 450.000507ms (had_events=false, had_notify=false, событий в кадре=0)
08-08 14:14:09.089 31813  6689 I egui-showcase: egui_android_platform_android::r#loop: LOOP: render_frame begin (w=1280 h=2772)
08-08 14:14:09.089 31813  6689 I egui-showcase: egui_android_platform_android::graphics: render_frame: GL setup done
08-08 14:14:09.089 31813  6689 I egui-showcase: egui_android_platform_android::graphics: render_frame: tessellate done, primitives=18
08-08 14:14:09.090 31813  6689 I egui-showcase: egui_android_platform_android::graphics: render_frame: paint done
08-08 14:14:09.090 31813  6689 I egui-showcase: egui_android_platform_android::egl_backend: EglState: swap_buffers begin
08-08 14:14:09.090 31813  6689 I egui-showcase: egui_android_platform_android::egl_backend: EglState: swap_buffers end
08-08 14:14:09.090 31813  6689 I egui-showcase: egui_android_platform_android::r#loop: LOOP: render_frame end success=true
08-08 14:14:09.326 31813 31813 I EguiImeView: commitText: 'р' (thread=main)
08-08 14:14:09.327 31813 31813 I egui-showcase: egui_android_platform_android::ime_jni: IME-JNI: commitText -> "р"
08-08 14:14:09.327 31813 31813 I egui-showcase: egui_android_platform_android::ime_jni: IME-JNI: push_cmd enter (thread=<no-name>)
08-08 14:14:09.327 31813 31813 I egui-showcase: egui_android_platform_android::ime_jni: IME-JNI: push_cmd exit (thread=<no-name>)
08-08 14:14:09.541 31813  6689 I egui-showcase: egui_android_platform_android::r#loop: LOOP: IME-команд на этом кадре: 1
08-08 14:14:09.541 31813  6689 I egui-showcase: egui_android_platform_android::input_processing: IME: commitText -> "р" (ImeEvent::Commit, next frame)
08-08 14:14:09.543 31813  6689 I egui-showcase: egui_android_ui::widgets::text_edit: [TextEdit] render end
08-08 14:14:09.544 31813  6689 I egui-showcase: egui_android_ui::widgets::text_edit: [TextEdit] publish_editor_state enter Id::new(5657567104995057543)
08-08 14:14:09.544 31813  6689 I egui-showcase: egui_android_ui::widgets::text_edit: [TextEdit] publish_editor_state exit Id::new(5657567104995057543)
08-08 14:14:09.544 31813  6689 I egui-showcase: egui_android_ui::widgets::text_edit: [TextEdit] render end
08-08 14:14:09.544 31813  6689 I egui-showcase: egui_android_ui::widgets::text_edit: [TextEdit] render end
08-08 14:14:09.545 31813  6689 I egui-showcase: egui_android_ui::widgets::text_edit: [TextEdit] render end
08-08 14:14:09.545 31813  6689 I egui-showcase: egui_android_ui::widgets::text_edit: [TextEdit] render end
08-08 14:14:09.546 31813  6689 I egui-showcase: egui_android_platform_android::r#loop: LOOP: frame() вернулся
08-08 14:14:09.546 31813  6689 I egui-showcase: egui_android_platform_android::ime_jni: LOOP-JNI: update_cursor_rect enter [114,782,124,841]
08-08 14:14:09.547 31813  6689 I EguiActivity: updateCursorRect: [114, 782, 124, 841]
08-08 14:14:09.547 31813  6689 I egui-showcase: egui_android_platform_android::ime_jni: LOOP-JNI: update_cursor_rect exit
08-08 14:14:09.547 31813  6689 I egui-showcase: egui_android_platform_android::r#loop: LOOP: repaint_delay = 0ns (had_events=true, had_notify=false, событий в кадре=0)
08-08 14:14:09.547 31813  6689 I egui-showcase: egui_android_platform_android::r#loop: LOOP: render_frame begin (w=1280 h=2772)
08-08 14:14:09.547 31813  6689 I egui-showcase: egui_android_platform_android::graphics: render_frame: GL setup done
08-08 14:14:09.548 31813  6689 I egui-showcase: egui_android_platform_android::graphics: render_frame: tessellate done, primitives=18
08-08 14:14:09.548 31813  6689 I egui-showcase: egui_android_platform_android::graphics: render_frame: paint done
08-08 14:14:09.548 31813  6689 I egui-showcase: egui_android_platform_android::egl_backend: EglState: swap_buffers begin
08-08 14:14:09.549 31813  6689 I egui-showcase: egui_android_platform_android::egl_backend: EglState: swap_buffers end
08-08 14:14:09.549 31813  6689 I egui-showcase: egui_android_platform_android::r#loop: LOOP: render_frame end success=true
08-08 14:14:09.558 31813  6689 I egui-showcase: egui_android_ui::widgets::text_edit: [TextEdit] render end
08-08 14:14:09.559 31813  6689 I egui-showcase: egui_android_ui::widgets::text_edit: [TextEdit] id=Id::new(5657567104995057543) has_focus=true gained=false lost=false changed=true buffer="ррррр"
08-08 14:14:09.559 31813  6689 I egui-showcase: egui_android_ui::widgets::text_edit: [TextEdit] publish_editor_state enter Id::new(5657567104995057543)
08-08 14:14:09.559 31813  6689 I egui-showcase: egui_android_ui::widgets::text_edit: [TextEdit] publish_editor_state exit Id::new(5657567104995057543)
08-08 14:14:09.559 31813  6689 I egui-showcase: egui_android_ui::widgets::text_edit: [TextEdit] enter changed-block, buffer="ррррр"
08-08 14:14:09.559 31813  6689 I egui-showcase: egui_android_ui::widgets::text_edit: [TextEdit] buffer cloned: "ррррр"
08-08 14:14:09.559 31813  6689 I egui-showcase: egui_android_ui::widgets::text_edit: [TextEdit] calling on_changed
08-08 14:14:09.559 31813  6689 I egui-showcase: egui_android_ui::remember: RememberState.set: begin, id=Id::new(("FFFF", "__top_ui")).with(IdSalt::new("child")).with(IdSalt::new("child")).with(IdSalt::new("child")).with(IdSalt::new("child")).with("te_password")
08-08 14:14:09.559 31813  6689 I egui-showcase: egui_android_ui::remember: RememberState.set: write done
08-08 14:14:09.559 31813  6689 I egui-showcase: egui_android_ui::remember: RememberState.set: persist done
08-08 14:14:09.559 31813  6689 I egui-showcase: egui_android_ui::remember: RememberState.set: end
08-08 14:14:09.559 31813  6689 I egui-showcase: egui_android_ui::widgets::text_edit: [TextEdit] on_changed done
08-08 14:14:09.559 31813  6689 I egui-showcase: egui_android_ui::widgets::text_edit: [TextEdit] changed-block done
08-08 14:14:09.559 31813  6689 I egui-showcase: egui_android_ui::widgets::text_edit: [TextEdit] render end
08-08 14:14:09.559 31813  6689 I egui-showcase: egui_android_ui::widgets::text_edit: [TextEdit] render end
08-08 14:14:09.559 31813  6689 I egui-showcase: egui_android_ui::widgets::text_edit: [TextEdit] render end
08-08 14:14:09.560 31813  6689 I egui-showcase: egui_android_ui::widgets::text_edit: [TextEdit] render end
08-08 14:14:09.560 31813  6689 I egui-showcase: egui_android_platform_android::r#loop: LOOP: frame() вернулся
08-08 14:14:09.560 31813  6689 I egui-showcase: egui_android_platform_android::ime_jni: LOOP-JNI: update_cursor_rect enter [130,782,139,841]
08-08 14:14:09.560 31813  6689 I EguiActivity: updateCursorRect: [130, 782, 139, 841]
08-08 14:14:09.560 31813  6689 I egui-showcase: egui_android_platform_android::ime_jni: LOOP-JNI: update_cursor_rect exit
08-08 14:14:09.560 31813  6689 I egui-showcase: egui_android_platform_android::r#loop: LOOP: repaint_delay = 0ns (had_events=false, had_notify=false, событий в кадре=1)
08-08 14:14:09.560 31813  6689 I egui-showcase: egui_android_platform_android::r#loop: LOOP: render_frame begin (w=1280 h=2772)
08-08 14:14:09.560 31813  6689 I egui-showcase: egui_android_platform_android::graphics: render_frame: GL setup done
08-08 14:14:09.561 31813  6689 I egui-showcase: egui_android_platform_android::graphics: render_frame: tessellate done, primitives=18
08-08 14:14:09.561 31813  6689 I egui-showcase: egui_android_platform_android::graphics: render_frame: paint done
08-08 14:14:09.561 31813  6689 I egui-showcase: egui_android_platform_android::egl_backend: EglState: swap_buffers begin
08-08 14:14:09.561 31813  6689 I egui-showcase: egui_android_platform_android::egl_backend: EglState: swap_buffers end
08-08 14:14:09.561 31813  6689 I egui-showcase: egui_android_platform_android::r#loop: LOOP: render_frame end success=true
08-08 14:14:09.575 31813  6689 I egui-showcase: egui_android_ui::widgets::text_edit: [TextEdit] render end
08-08 14:14:09.575 31813  6689 I egui-showcase: egui_android_ui::widgets::text_edit: [TextEdit] publish_editor_state enter Id::new(5657567104995057543)
08-08 14:14:09.575 31813  6689 I egui-showcase: egui_android_ui::widgets::text_edit: [TextEdit] publish_editor_state exit Id::new(5657567104995057543)
08-08 14:14:09.575 31813  6689 I egui-showcase: egui_android_ui::widgets::text_edit: [TextEdit] render end
08-08 14:14:09.575 31813  6689 I egui-showcase: egui_android_ui::widgets::text_edit: [TextEdit] render end
08-08 14:14:09.575 31813  6689 I egui-showcase: egui_android_ui::widgets::text_edit: [TextEdit] render end
08-08 14:14:09.576 31813  6689 I egui-showcase: egui_android_ui::widgets::text_edit: [TextEdit] render end
08-08 14:14:09.576 31813  6689 I egui-showcase: egui_android_platform_android::r#loop: LOOP: frame() вернулся
08-08 14:14:09.576 31813  6689 I egui-showcase: egui_android_platform_android::ime_jni: LOOP-JNI: update_cursor_rect enter [130,782,139,841]
08-08 14:14:09.576 31813  6689 I EguiActivity: updateCursorRect: [130, 782, 139, 841]
08-08 14:14:09.576 31813  6689 I egui-showcase: egui_android_platform_android::ime_jni: LOOP-JNI: update_cursor_rect exit
08-08 14:14:09.576 31813  6689 I egui-showcase: egui_android_platform_android::r#loop: LOOP: repaint_delay = 0ns (had_events=false, had_notify=false, событий в кадре=0)
08-08 14:14:09.576 31813  6689 I egui-showcase: egui_android_platform_android::r#loop: LOOP: render_frame begin (w=1280 h=2772)
08-08 14:14:09.576 31813  6689 I egui-showcase: egui_android_platform_android::graphics: render_frame: GL setup done
08-08 14:14:09.576 31813  6689 I egui-showcase: egui_android_platform_android::graphics: render_frame: tessellate done, primitives=18
08-08 14:14:09.577 31813  6689 I egui-showcase: egui_android_platform_android::graphics: render_frame: paint done
08-08 14:14:09.577 31813  6689 I egui-showcase: egui_android_platform_android::egl_backend: EglState: swap_buffers begin
08-08 14:14:09.577 31813  6689 I egui-showcase: egui_android_platform_android::egl_backend: EglState: swap_buffers end
08-08 14:14:09.577 31813  6689 I egui-showcase: egui_android_platform_android::r#loop: LOOP: render_frame end success=true
08-08 14:14:09.592 31813  6689 I egui-showcase: egui_android_ui::widgets::text_edit: [TextEdit] render end
08-08 14:14:09.592 31813  6689 I egui-showcase: egui_android_ui::widgets::text_edit: [TextEdit] publish_editor_state enter Id::new(5657567104995057543)
08-08 14:14:09.592 31813  6689 I egui-showcase: egui_android_ui::widgets::text_edit: [TextEdit] publish_editor_state exit Id::new(5657567104995057543)
08-08 14:14:09.592 31813  6689 I egui-showcase: egui_android_ui::widgets::text_edit: [TextEdit] render end
08-08 14:14:09.592 31813  6689 I egui-showcase: egui_android_ui::widgets::text_edit: [TextEdit] render end
08-08 14:14:09.592 31813  6689 I egui-showcase: egui_android_ui::widgets::text_edit: [TextEdit] render end
08-08 14:14:09.592 31813  6689 I egui-showcase: egui_android_ui::widgets::text_edit: [TextEdit] render end
08-08 14:14:09.593 31813  6689 I egui-showcase: egui_android_platform_android::r#loop: LOOP: frame() вернулся
08-08 14:14:09.593 31813  6689 I egui-showcase: egui_android_platform_android::ime_jni: LOOP-JNI: update_cursor_rect enter [130,782,139,841]
08-08 14:14:09.593 31813  6689 I EguiActivity: updateCursorRect: [130, 782, 139, 841]
08-08 14:14:09.593 31813  6689 I egui-showcase: egui_android_platform_android::ime_jni: LOOP-JNI: update_cursor_rect exit
08-08 14:14:09.593 31813  6689 I egui-showcase: egui_android_platform_android::r#loop: LOOP: repaint_delay = 450.001461ms (had_events=false, had_notify=false, событий в кадре=0)
08-08 14:14:09.593 31813  6689 I egui-showcase: egui_android_platform_android::r#loop: LOOP: render_frame begin (w=1280 h=2772)
08-08 14:14:09.593 31813  6689 I egui-showcase: egui_android_platform_android::graphics: render_frame: GL setup done
08-08 14:14:09.593 31813  6689 I egui-showcase: egui_android_platform_android::graphics: render_frame: tessellate done, primitives=18
08-08 14:14:09.593 31813  6689 I egui-showcase: egui_android_platform_android::graphics: render_frame: paint done
08-08 14:14:09.593 31813  6689 I egui-showcase: egui_android_platform_android::egl_backend: EglState: swap_buffers begin
08-08 14:14:09.594 31813  6689 I egui-showcase: egui_android_platform_android::egl_backend: EglState: swap_buffers end
08-08 14:14:09.594 31813  6689 I egui-showcase: egui_android_platform_android::r#loop: LOOP: render_frame end success=true
08-08 14:14:09.834 31813 31813 I EguiImeView: commitText: 'р' (thread=main)
08-08 14:14:09.835 31813 31813 I egui-showcase: egui_android_platform_android::ime_jni: IME-JNI: commitText -> "р"
08-08 14:14:09.835 31813 31813 I egui-showcase: egui_android_platform_android::ime_jni: IME-JNI: push_cmd enter (thread=<no-name>)
08-08 14:14:09.835 31813 31813 I egui-showcase: egui_android_platform_android::ime_jni: IME-JNI: push_cmd exit (thread=<no-name>)
08-08 14:14:10.044 31813  6689 I egui-showcase: egui_android_platform_android::r#loop: LOOP: IME-команд на этом кадре: 1
08-08 14:14:10.044 31813  6689 I egui-showcase: egui_android_platform_android::input_processing: IME: commitText -> "р" (ImeEvent::Commit, next frame)
08-08 14:14:10.046 31813  6689 I egui-showcase: egui_android_ui::widgets::text_edit: [TextEdit] render end
08-08 14:14:10.046 31813  6689 I egui-showcase: egui_android_ui::widgets::text_edit: [TextEdit] publish_editor_state enter Id::new(5657567104995057543)
08-08 14:14:10.046 31813  6689 I egui-showcase: egui_android_ui::widgets::text_edit: [TextEdit] publish_editor_state exit Id::new(5657567104995057543)
08-08 14:14:10.046 31813  6689 I egui-showcase: egui_android_ui::widgets::text_edit: [TextEdit] render end
08-08 14:14:10.047 31813  6689 I egui-showcase: egui_android_ui::widgets::text_edit: [TextEdit] render end
08-08 14:14:10.047 31813  6689 I egui-showcase: egui_android_ui::widgets::text_edit: [TextEdit] render end
08-08 14:14:10.048 31813  6689 I egui-showcase: egui_android_ui::widgets::text_edit: [TextEdit] render end
08-08 14:14:10.049 31813  6689 I egui-showcase: egui_android_platform_android::r#loop: LOOP: frame() вернулся
08-08 14:14:10.049 31813  6689 I egui-showcase: egui_android_platform_android::ime_jni: LOOP-JNI: update_cursor_rect enter [130,782,139,841]
08-08 14:14:10.049 31813  6689 I EguiActivity: updateCursorRect: [130, 782, 139, 841]
08-08 14:14:10.049 31813  6689 I egui-showcase: egui_android_platform_android::ime_jni: LOOP-JNI: update_cursor_rect exit
08-08 14:14:10.049 31813  6689 I egui-showcase: egui_android_platform_android::r#loop: LOOP: repaint_delay = 0ns (had_events=true, had_notify=false, событий в кадре=0)
08-08 14:14:10.049 31813  6689 I egui-showcase: egui_android_platform_android::r#loop: LOOP: render_frame begin (w=1280 h=2772)
08-08 14:14:10.050 31813  6689 I egui-showcase: egui_android_platform_android::graphics: render_frame: GL setup done
08-08 14:14:10.050 31813  6689 I egui-showcase: egui_android_platform_android::graphics: render_frame: tessellate done, primitives=18
08-08 14:14:10.051 31813  6689 I egui-showcase: egui_android_platform_android::graphics: render_frame: paint done
08-08 14:14:10.051 31813  6689 I egui-showcase: egui_android_platform_android::egl_backend: EglState: swap_buffers begin
08-08 14:14:10.052 31813  6689 I egui-showcase: egui_android_platform_android::egl_backend: EglState: swap_buffers end
08-08 14:14:10.052 31813  6689 I egui-showcase: egui_android_platform_android::r#loop: LOOP: render_frame end success=true
08-08 14:14:10.062 31813  6689 I egui-showcase: egui_android_ui::widgets::text_edit: [TextEdit] render end
08-08 14:14:10.062 31813  6689 I egui-showcase: egui_android_ui::widgets::text_edit: [TextEdit] id=Id::new(5657567104995057543) has_focus=true gained=false lost=false changed=true buffer="рррррр"
08-08 14:14:10.062 31813  6689 I egui-showcase: egui_android_ui::widgets::text_edit: [TextEdit] publish_editor_state enter Id::new(5657567104995057543)
08-08 14:14:10.062 31813  6689 I egui-showcase: egui_android_ui::widgets::text_edit: [TextEdit] publish_editor_state exit Id::new(5657567104995057543)
08-08 14:14:10.062 31813  6689 I egui-showcase: egui_android_ui::widgets::text_edit: [TextEdit] enter changed-block, buffer="рррррр"
08-08 14:14:10.062 31813  6689 I egui-showcase: egui_android_ui::widgets::text_edit: [TextEdit] buffer cloned: "рррррр"
08-08 14:14:10.062 31813  6689 I egui-showcase: egui_android_ui::widgets::text_edit: [TextEdit] calling on_changed
08-08 14:14:10.063 31813  6689 I egui-showcase: egui_android_ui::remember: RememberState.set: begin, id=Id::new(("FFFF", "__top_ui")).with(IdSalt::new("child")).with(IdSalt::new("child")).with(IdSalt::new("child")).with(IdSalt::new("child")).with("te_password")
08-08 14:14:10.063 31813  6689 I egui-showcase: egui_android_ui::remember: RememberState.set: write done
08-08 14:14:10.063 31813  6689 I egui-showcase: egui_android_ui::remember: RememberState.set: persist done
08-08 14:14:10.063 31813  6689 I egui-showcase: egui_android_ui::remember: RememberState.set: end
08-08 14:14:10.063 31813  6689 I egui-showcase: egui_android_ui::widgets::text_edit: [TextEdit] on_changed done
08-08 14:14:10.063 31813  6689 I egui-showcase: egui_android_ui::widgets::text_edit: [TextEdit] changed-block done
08-08 14:14:10.063 31813  6689 I egui-showcase: egui_android_ui::widgets::text_edit: [TextEdit] render end
08-08 14:14:10.063 31813  6689 I egui-showcase: egui_android_ui::widgets::text_edit: [TextEdit] render end
08-08 14:14:10.063 31813  6689 I egui-showcase: egui_android_ui::widgets::text_edit: [TextEdit] render end
08-08 14:14:10.063 31813  6689 I egui-showcase: egui_android_ui::widgets::text_edit: [TextEdit] render end
08-08 14:14:10.063 31813  6689 I egui-showcase: egui_android_platform_android::r#loop: LOOP: frame() вернулся
08-08 14:14:10.063 31813  6689 I egui-showcase: egui_android_platform_android::ime_jni: LOOP-JNI: update_cursor_rect enter [145,782,155,841]
08-08 14:14:10.064 31813  6689 I EguiActivity: updateCursorRect: [145, 782, 155, 841]
08-08 14:14:10.064 31813  6689 I egui-showcase: egui_android_platform_android::ime_jni: LOOP-JNI: update_cursor_rect exit
08-08 14:14:10.064 31813  6689 I egui-showcase: egui_android_platform_android::r#loop: LOOP: repaint_delay = 0ns (had_events=false, had_notify=false, событий в кадре=1)
08-08 14:14:10.064 31813  6689 I egui-showcase: egui_android_platform_android::r#loop: LOOP: render_frame begin (w=1280 h=2772)
08-08 14:14:10.064 31813  6689 I egui-showcase: egui_android_platform_android::graphics: render_frame: GL setup done
08-08 14:14:10.064 31813  6689 I egui-showcase: egui_android_platform_android::graphics: render_frame: tessellate done, primitives=18
08-08 14:14:10.064 31813  6689 I egui-showcase: egui_android_platform_android::graphics: render_frame: paint done
08-08 14:14:10.064 31813  6689 I egui-showcase: egui_android_platform_android::egl_backend: EglState: swap_buffers begin
08-08 14:14:10.064 31813  6689 I egui-showcase: egui_android_platform_android::egl_backend: EglState: swap_buffers end
08-08 14:14:10.064 31813  6689 I egui-showcase: egui_android_platform_android::r#loop: LOOP: render_frame end success=true
08-08 14:14:10.078 31813  6689 I egui-showcase: egui_android_ui::widgets::text_edit: [TextEdit] render end
08-08 14:14:10.079 31813  6689 I egui-showcase: egui_android_ui::widgets::text_edit: [TextEdit] publish_editor_state enter Id::new(5657567104995057543)
08-08 14:14:10.079 31813  6689 I egui-showcase: egui_android_ui::widgets::text_edit: [TextEdit] publish_editor_state exit Id::new(5657567104995057543)
08-08 14:14:10.079 31813  6689 I egui-showcase: egui_android_ui::widgets::text_edit: [TextEdit] render end
08-08 14:14:10.079 31813  6689 I egui-showcase: egui_android_ui::widgets::text_edit: [TextEdit] render end
08-08 14:14:10.079 31813  6689 I egui-showcase: egui_android_ui::widgets::text_edit: [TextEdit] render end
08-08 14:14:10.079 31813  6689 I egui-showcase: egui_android_ui::widgets::text_edit: [TextEdit] render end
08-08 14:14:10.079 31813  6689 I egui-showcase: egui_android_platform_android::r#loop: LOOP: frame() вернулся
08-08 14:14:10.079 31813  6689 I egui-showcase: egui_android_platform_android::ime_jni: LOOP-JNI: update_cursor_rect enter [145,782,155,841]
08-08 14:14:10.080 31813  6689 I EguiActivity: updateCursorRect: [145, 782, 155, 841]
08-08 14:14:10.080 31813  6689 I egui-showcase: egui_android_platform_android::ime_jni: LOOP-JNI: update_cursor_rect exit
08-08 14:14:10.080 31813  6689 I egui-showcase: egui_android_platform_android::r#loop: LOOP: repaint_delay = 0ns (had_events=false, had_notify=false, событий в кадре=0)
08-08 14:14:10.080 31813  6689 I egui-showcase: egui_android_platform_android::r#loop: LOOP: render_frame begin (w=1280 h=2772)
08-08 14:14:10.080 31813  6689 I egui-showcase: egui_android_platform_android::graphics: render_frame: GL setup done
08-08 14:14:10.080 31813  6689 I egui-showcase: egui_android_platform_android::graphics: render_frame: tessellate done, primitives=18
08-08 14:14:10.080 31813  6689 I egui-showcase: egui_android_platform_android::graphics: render_frame: paint done
08-08 14:14:10.080 31813  6689 I egui-showcase: egui_android_platform_android::egl_backend: EglState: swap_buffers begin
08-08 14:14:10.080 31813  6689 I egui-showcase: egui_android_platform_android::egl_backend: EglState: swap_buffers end
08-08 14:14:10.080 31813  6689 I egui-showcase: egui_android_platform_android::r#loop: LOOP: render_frame end success=true
08-08 14:14:10.095 31813  6689 I egui-showcase: egui_android_ui::widgets::text_edit: [TextEdit] render end
08-08 14:14:10.095 31813  6689 I egui-showcase: egui_android_ui::widgets::text_edit: [TextEdit] publish_editor_state enter Id::new(5657567104995057543)
08-08 14:14:10.095 31813  6689 I egui-showcase: egui_android_ui::widgets::text_edit: [TextEdit] publish_editor_state exit Id::new(5657567104995057543)
08-08 14:14:10.095 31813  6689 I egui-showcase: egui_android_ui::widgets::text_edit: [TextEdit] render end
08-08 14:14:10.095 31813  6689 I egui-showcase: egui_android_ui::widgets::text_edit: [TextEdit] render end
08-08 14:14:10.095 31813  6689 I egui-showcase: egui_android_ui::widgets::text_edit: [TextEdit] render end
08-08 14:14:10.095 31813  6689 I egui-showcase: egui_android_ui::widgets::text_edit: [TextEdit] render end
08-08 14:14:10.096 31813  6689 I egui-showcase: egui_android_platform_android::r#loop: LOOP: frame() вернулся
08-08 14:14:10.096 31813  6689 I egui-showcase: egui_android_platform_android::ime_jni: LOOP-JNI: update_cursor_rect enter [145,782,155,841]
08-08 14:14:10.096 31813  6689 I EguiActivity: updateCursorRect: [145, 782, 155, 841]
08-08 14:14:10.096 31813  6689 I egui-showcase: egui_android_platform_android::ime_jni: LOOP-JNI: update_cursor_rect exit
08-08 14:14:10.096 31813  6689 I egui-showcase: egui_android_platform_android::r#loop: LOOP: repaint_delay = 450.002176ms (had_events=false, had_notify=false, событий в кадре=0)
08-08 14:14:10.096 31813  6689 I egui-showcase: egui_android_platform_android::r#loop: LOOP: render_frame begin (w=1280 h=2772)
08-08 14:14:10.096 31813  6689 I egui-showcase: egui_android_platform_android::graphics: render_frame: GL setup done
08-08 14:14:10.096 31813  6689 I egui-showcase: egui_android_platform_android::graphics: render_frame: tessellate done, primitives=18
08-08 14:14:10.097 31813  6689 I egui-showcase: egui_android_platform_android::graphics: render_frame: paint done
08-08 14:14:10.097 31813  6689 I egui-showcase: egui_android_platform_android::egl_backend: EglState: swap_buffers begin
08-08 14:14:10.097 31813  6689 I egui-showcase: egui_android_platform_android::egl_backend: EglState: swap_buffers end
08-08 14:14:10.097 31813  6689 I egui-showcase: egui_android_platform_android::r#loop: LOOP: render_frame end success=true
08-08 14:14:10.549 31813  6689 I egui-showcase: egui_android_ui::widgets::text_edit: [TextEdit] render end
08-08 14:14:10.550 31813  6689 I egui-showcase: egui_android_ui::widgets::text_edit: [TextEdit] publish_editor_state enter Id::new(5657567104995057543)
08-08 14:14:10.550 31813  6689 I egui-showcase: egui_android_ui::widgets::text_edit: [TextEdit] publish_editor_state exit Id::new(5657567104995057543)
08-08 14:14:10.550 31813  6689 I egui-showcase: egui_android_ui::widgets::text_edit: [TextEdit] render end
08-08 14:14:10.550 31813  6689 I egui-showcase: egui_android_ui::widgets::text_edit: [TextEdit] render end
08-08 14:14:10.551 31813  6689 I egui-showcase: egui_android_ui::widgets::text_edit: [TextEdit] render end
08-08 14:14:10.551 31813  6689 I egui-showcase: egui_android_ui::widgets::text_edit: [TextEdit] render end
08-08 14:14:10.552 31813  6689 I egui-showcase: egui_android_platform_android::r#loop: LOOP: frame() вернулся
08-08 14:14:10.552 31813  6689 I egui-showcase: egui_android_platform_android::ime_jni: LOOP-JNI: update_cursor_rect enter [145,782,155,841]
08-08 14:14:10.552 31813  6689 I EguiActivity: updateCursorRect: [145, 782, 155, 841]
08-08 14:14:10.552 31813  6689 I egui-showcase: egui_android_platform_android::ime_jni: LOOP-JNI: update_cursor_rect exit
08-08 14:14:10.552 31813  6689 I egui-showcase: egui_android_platform_android::r#loop: LOOP: repaint_delay = 0ns (had_events=false, had_notify=false, событий в кадре=0)
08-08 14:14:10.552 31813  6689 I egui-showcase: egui_android_platform_android::r#loop: LOOP: render_frame begin (w=1280 h=2772)
08-08 14:14:10.553 31813  6689 I egui-showcase: egui_android_platform_android::graphics: render_frame: GL setup done
08-08 14:14:10.553 31813  6689 I egui-showcase: egui_android_platform_android::graphics: render_frame: tessellate done, primitives=18
08-08 14:14:10.553 31813  6689 I egui-showcase: egui_android_platform_android::graphics: render_frame: paint done
08-08 14:14:10.553 31813  6689 I egui-showcase: egui_android_platform_android::egl_backend: EglState: swap_buffers begin
08-08 14:14:10.555 31813  6689 I egui-showcase: egui_android_platform_android::egl_backend: EglState: swap_buffers end
08-08 14:14:10.555 31813  6689 I egui-showcase: egui_android_platform_android::r#loop: LOOP: render_frame end success=true
08-08 14:14:10.565 31813  6689 I egui-showcase: egui_android_ui::widgets::text_edit: [TextEdit] render end
08-08 14:14:10.565 31813  6689 I egui-showcase: egui_android_ui::widgets::text_edit: [TextEdit] publish_editor_state enter Id::new(5657567104995057543)
08-08 14:14:10.565 31813  6689 I egui-showcase: egui_android_ui::widgets::text_edit: [TextEdit] publish_editor_state exit Id::new(5657567104995057543)
08-08 14:14:10.565 31813  6689 I egui-showcase: egui_android_ui::widgets::text_edit: [TextEdit] render end
08-08 14:14:10.565 31813  6689 I egui-showcase: egui_android_ui::widgets::text_edit: [TextEdit] render end
08-08 14:14:10.565 31813  6689 I egui-showcase: egui_android_ui::widgets::text_edit: [TextEdit] render end
08-08 14:14:10.565 31813  6689 I egui-showcase: egui_android_ui::widgets::text_edit: [TextEdit] render end
08-08 14:14:10.566 31813  6689 I egui-showcase: egui_android_platform_android::r#loop: LOOP: frame() вернулся
08-08 14:14:10.566 31813  6689 I egui-showcase: egui_android_platform_android::ime_jni: LOOP-JNI: update_cursor_rect enter [145,782,155,841]
08-08 14:14:10.566 31813  6689 I EguiActivity: updateCursorRect: [145, 782, 155, 841]
08-08 14:14:10.566 31813  6689 I egui-showcase: egui_android_platform_android::ime_jni: LOOP-JNI: update_cursor_rect exit
08-08 14:14:10.566 31813  6689 I egui-showcase: egui_android_platform_android::r#loop: LOOP: repaint_delay = 480.25964ms (had_events=false, had_notify=false, событий в кадре=0)
08-08 14:14:10.566 31813  6689 I egui-showcase: egui_android_platform_android::r#loop: LOOP: render_frame begin (w=1280 h=2772)
08-08 14:14:10.566 31813  6689 I egui-showcase: egui_android_platform_android::graphics: render_frame: GL setup done
08-08 14:14:10.566 31813  6689 I egui-showcase: egui_android_platform_android::graphics: render_frame: tessellate done, primitives=18
08-08 14:14:10.567 31813  6689 I egui-showcase: egui_android_platform_android::graphics: render_frame: paint done
08-08 14:14:10.567 31813  6689 I egui-showcase: egui_android_platform_android::egl_backend: EglState: swap_buffers begin
08-08 14:14:10.567 31813  6689 I egui-showcase: egui_android_platform_android::egl_backend: EglState: swap_buffers end
08-08 14:14:10.567 31813  6689 I egui-showcase: egui_android_platform_android::r#loop: LOOP: render_frame end success=true
08-08 14:14:11.049 31813  6689 I egui-showcase: egui_android_ui::widgets::text_edit: [TextEdit] render end
08-08 14:14:11.050 31813  6689 I egui-showcase: egui_android_ui::widgets::text_edit: [TextEdit] publish_editor_state enter Id::new(5657567104995057543)
08-08 14:14:11.050 31813  6689 I egui-showcase: egui_android_ui::widgets::text_edit: [TextEdit] publish_editor_state exit Id::new(5657567104995057543)
08-08 14:14:11.050 31813  6689 I egui-showcase: egui_android_ui::widgets::text_edit: [TextEdit] render end
08-08 14:14:11.051 31813  6689 I egui-showcase: egui_android_ui::widgets::text_edit: [TextEdit] render end
08-08 14:14:11.051 31813  6689 I egui-showcase: egui_android_ui::widgets::text_edit: [TextEdit] render end
08-08 14:14:11.052 31813  6689 I egui-showcase: egui_android_ui::widgets::text_edit: [TextEdit] render end
08-08 14:14:11.052 31813  6689 I egui-showcase: egui_android_platform_android::r#loop: LOOP: frame() вернулся
08-08 14:14:11.052 31813  6689 I egui-showcase: egui_android_platform_android::ime_jni: LOOP-JNI: update_cursor_rect enter [145,782,155,841]
08-08 14:14:11.053 31813  6689 I EguiActivity: updateCursorRect: [145, 782, 155, 841]
08-08 14:14:11.053 31813  6689 I egui-showcase: egui_android_platform_android::ime_jni: LOOP-JNI: update_cursor_rect exit
08-08 14:14:11.053 31813  6689 I egui-showcase: egui_android_platform_android::r#loop: LOOP: repaint_delay = 0ns (had_events=false, had_notify=false, событий в кадре=0)
08-08 14:14:11.053 31813  6689 I egui-showcase: egui_android_platform_android::r#loop: LOOP: render_frame begin (w=1280 h=2772)
08-08 14:14:11.053 31813  6689 I egui-showcase: egui_android_platform_android::graphics: render_frame: GL setup done
08-08 14:14:11.054 31813  6689 I egui-showcase: egui_android_platform_android::graphics: render_frame: tessellate done, primitives=18
08-08 14:14:11.054 31813  6689 I egui-showcase: egui_android_platform_android::graphics: render_frame: paint done
08-08 14:14:11.054 31813  6689 I egui-showcase: egui_android_platform_android::egl_backend: EglState: swap_buffers begin
08-08 14:14:11.055 31813  6689 I egui-showcase: egui_android_platform_android::egl_backend: EglState: swap_buffers end
08-08 14:14:11.055 31813  6689 I egui-showcase: egui_android_platform_android::r#loop: LOOP: render_frame end success=true
08-08 14:14:11.065 31813  6689 I egui-showcase: egui_android_ui::widgets::text_edit: [TextEdit] render end
08-08 14:14:11.065 31813  6689 I egui-showcase: egui_android_ui::widgets::text_edit: [TextEdit] publish_editor_state enter Id::new(5657567104995057543)
08-08 14:14:11.065 31813  6689 I egui-showcase: egui_android_ui::widgets::text_edit: [TextEdit] publish_editor_state exit Id::new(5657567104995057543)
08-08 14:14:11.065 31813  6689 I egui-showcase: egui_android_ui::widgets::text_edit: [TextEdit] render end
08-08 14:14:11.065 31813  6689 I egui-showcase: egui_android_ui::widgets::text_edit: [TextEdit] render end
08-08 14:14:11.065 31813  6689 I egui-showcase: egui_android_ui::widgets::text_edit: [TextEdit] render end
08-08 14:14:11.065 31813  6689 I egui-showcase: egui_android_ui::widgets::text_edit: [TextEdit] render end
08-08 14:14:11.066 31813  6689 I egui-showcase: egui_android_platform_android::r#loop: LOOP: frame() вернулся
08-08 14:14:11.066 31813  6689 I egui-showcase: egui_android_platform_android::ime_jni: LOOP-JNI: update_cursor_rect enter [145,782,155,841]
08-08 14:14:11.066 31813  6689 I EguiActivity: updateCursorRect: [145, 782, 155, 841]
08-08 14:14:11.066 31813  6689 I egui-showcase: egui_android_platform_android::ime_jni: LOOP-JNI: update_cursor_rect exit
08-08 14:14:11.066 31813  6689 I egui-showcase: egui_android_platform_android::r#loop: LOOP: repaint_delay = 480.189306ms (had_events=false, had_notify=false, событий в кадре=0)
08-08 14:14:11.066 31813  6689 I egui-showcase: egui_android_platform_android::r#loop: LOOP: render_frame begin (w=1280 h=2772)
08-08 14:14:11.066 31813  6689 I egui-showcase: egui_android_platform_android::graphics: render_frame: GL setup done
08-08 14:14:11.066 31813  6689 I egui-showcase: egui_android_platform_android::graphics: render_frame: tessellate done, primitives=18
08-08 14:14:11.067 31813  6689 I egui-showcase: egui_android_platform_android::graphics: render_frame: paint done
08-08 14:14:11.067 31813  6689 I egui-showcase: egui_android_platform_android::egl_backend: EglState: swap_buffers begin
08-08 14:14:11.067 31813  6689 I egui-showcase: egui_android_platform_android::egl_backend: EglState: swap_buffers end
08-08 14:14:11.067 31813  6689 I egui-showcase: egui_android_platform_android::r#loop: LOOP: render_frame end success=true
08-08 14:14:11.549 31813  6689 I egui-showcase: egui_android_ui::widgets::text_edit: [TextEdit] render end
08-08 14:14:11.550 31813  6689 I egui-showcase: egui_android_ui::widgets::text_edit: [TextEdit] publish_editor_state enter Id::new(5657567104995057543)
08-08 14:14:11.550 31813  6689 I egui-showcase: egui_android_ui::widgets::text_edit: [TextEdit] publish_editor_state exit Id::new(5657567104995057543)
08-08 14:14:11.551 31813  6689 I egui-showcase: egui_android_ui::widgets::text_edit: [TextEdit] render end
08-08 14:14:11.551 31813  6689 I egui-showcase: egui_android_ui::widgets::text_edit: [TextEdit] render end
08-08 14:14:11.552 31813  6689 I egui-showcase: egui_android_ui::widgets::text_edit: [TextEdit] render end
08-08 14:14:11.552 31813  6689 I egui-showcase: egui_android_ui::widgets::text_edit: [TextEdit] render end
08-08 14:14:11.553 31813  6689 I egui-showcase: egui_android_platform_android::r#loop: LOOP: frame() вернулся
08-08 14:14:11.553 31813  6689 I egui-showcase: egui_android_platform_android::ime_jni: LOOP-JNI: update_cursor_rect enter [145,782,155,841]
08-08 14:14:11.554 31813  6689 I EguiActivity: updateCursorRect: [145, 782, 155, 841]
08-08 14:14:11.554 31813  6689 I egui-showcase: egui_android_platform_android::ime_jni: LOOP-JNI: update_cursor_rect exit
08-08 14:14:11.554 31813  6689 I egui-showcase: egui_android_platform_android::r#loop: LOOP: repaint_delay = 0ns (had_events=false, had_notify=false, событий в кадре=0)
08-08 14:14:11.554 31813  6689 I egui-showcase: egui_android_platform_android::r#loop: LOOP: render_frame begin (w=1280 h=2772)
08-08 14:14:11.554 31813  6689 I egui-showcase: egui_android_platform_android::graphics: render_frame: GL setup done
08-08 14:14:11.555 31813  6689 I egui-showcase: egui_android_platform_android::graphics: render_frame: tessellate done, primitives=18
08-08 14:14:11.555 31813  6689 I egui-showcase: egui_android_platform_android::graphics: render_frame: paint done
08-08 14:14:11.555 31813  6689 I egui-showcase: egui_android_platform_android::egl_backend: EglState: swap_buffers begin
08-08 14:14:11.556 31813  6689 I egui-showcase: egui_android_platform_android::egl_backend: EglState: swap_buffers end
08-08 14:14:11.556 31813  6689 I egui-showcase: egui_android_platform_android::r#loop: LOOP: render_frame end success=true
08-08 14:14:11.565 31813  6689 I egui-showcase: egui_android_ui::widgets::text_edit: [TextEdit] render end
08-08 14:14:11.565 31813  6689 I egui-showcase: egui_android_ui::widgets::text_edit: [TextEdit] publish_editor_state enter Id::new(5657567104995057543)
08-08 14:14:11.565 31813  6689 I egui-showcase: egui_android_ui::widgets::text_edit: [TextEdit] publish_editor_state exit Id::new(5657567104995057543)
08-08 14:14:11.565 31813  6689 I egui-showcase: egui_android_ui::widgets::text_edit: [TextEdit] render end
08-08 14:14:11.565 31813  6689 I egui-showcase: egui_android_ui::widgets::text_edit: [TextEdit] render end
08-08 14:14:11.565 31813  6689 I egui-showcase: egui_android_ui::widgets::text_edit: [TextEdit] render end
08-08 14:14:11.566 31813  6689 I egui-showcase: egui_android_ui::widgets::text_edit: [TextEdit] render end
08-08 14:14:11.566 31813  6689 I egui-showcase: egui_android_platform_android::r#loop: LOOP: frame() вернулся
08-08 14:14:11.566 31813  6689 I egui-showcase: egui_android_platform_android::ime_jni: LOOP-JNI: update_cursor_rect enter [145,782,155,841]
08-08 14:14:11.566 31813  6689 I EguiActivity: updateCursorRect: [145, 782, 155, 841]
08-08 14:14:11.566 31813  6689 I egui-showcase: egui_android_platform_android::ime_jni: LOOP-JNI: update_cursor_rect exit
08-08 14:14:11.566 31813  6689 I egui-showcase: egui_android_platform_android::r#loop: LOOP: repaint_delay = 480.044348ms (had_events=false, had_notify=false, событий в кадре=0)
08-08 14:14:11.566 31813  6689 I egui-showcase: egui_android_platform_android::r#loop: LOOP: render_frame begin (w=1280 h=2772)
08-08 14:14:11.566 31813  6689 I egui-showcase: egui_android_platform_android::graphics: render_frame: GL setup done
08-08 14:14:11.567 31813  6689 I egui-showcase: egui_android_platform_android::graphics: render_frame: tessellate done, primitives=18
08-08 14:14:11.567 31813  6689 I egui-showcase: egui_android_platform_android::graphics: render_frame: paint done
08-08 14:14:11.567 31813  6689 I egui-showcase: egui_android_platform_android::egl_backend: EglState: swap_buffers begin
08-08 14:14:11.567 31813  6689 I egui-showcase: egui_android_platform_android::egl_backend: EglState: swap_buffers end
08-08 14:14:11.567 31813  6689 I egui-showcase: egui_android_platform_android::r#loop: LOOP: render_frame end success=true
08-08 14:14:11.617 31813  6689 D egui-showcase: android_activity::activity_impl: Notifying Input Available
08-08 14:14:11.618 31813  6689 I egui-showcase: egui_android_ui::widgets::text_edit: [TextEdit] render end
08-08 14:14:11.619 31813  6689 I egui-showcase: egui_android_ui::widgets::text_edit: [TextEdit] publish_editor_state enter Id::new(5657567104995057543)
08-08 14:14:11.619 31813  6689 I egui-showcase: egui_android_ui::widgets::text_edit: [TextEdit] publish_editor_state exit Id::new(5657567104995057543)
08-08 14:14:11.619 31813  6689 I egui-showcase: egui_android_ui::widgets::text_edit: [TextEdit] render end
08-08 14:14:11.619 31813  6689 I egui-showcase: egui_android_ui::widgets::text_edit: [TextEdit] render end
08-08 14:14:11.619 31813  6689 I egui-showcase: egui_android_ui::widgets::text_edit: [TextEdit] render end
08-08 14:14:11.619 31813  6689 I egui-showcase: egui_android_ui::widgets::text_edit: [TextEdit] render end
08-08 14:14:11.620 31813  6689 I egui-showcase: egui_android_platform_android::r#loop: LOOP: frame() вернулся
08-08 14:14:11.620 31813  6689 I egui-showcase: egui_android_platform_android::ime_jni: LOOP-JNI: update_cursor_rect enter [145,782,155,841]
08-08 14:14:11.620 31813  6689 I EguiActivity: updateCursorRect: [145, 782, 155, 841]
08-08 14:14:11.620 31813  6689 I egui-showcase: egui_android_platform_android::ime_jni: LOOP-JNI: update_cursor_rect exit
08-08 14:14:11.620 31813  6689 I egui-showcase: egui_android_platform_android::r#loop: LOOP: repaint_delay = 0ns (had_events=true, had_notify=false, событий в кадре=2)
08-08 14:14:11.620 31813  6689 I egui-showcase: egui_android_platform_android::r#loop: LOOP: render_frame begin (w=1280 h=2772)
08-08 14:14:11.620 31813  6689 I egui-showcase: egui_android_platform_android::graphics: render_frame: GL setup done
08-08 14:14:11.620 31813  6689 I egui-showcase: egui_android_platform_android::graphics: render_frame: tessellate done, primitives=18
08-08 14:14:11.621 31813  6689 I egui-showcase: egui_android_platform_android::graphics: render_frame: paint done
08-08 14:14:11.621 31813  6689 I egui-showcase: egui_android_platform_android::egl_backend: EglState: swap_buffers begin
08-08 14:14:11.621 31813  6689 I egui-showcase: egui_android_platform_android::egl_backend: EglState: swap_buffers end
08-08 14:14:11.621 31813  6689 I egui-showcase: egui_android_platform_android::r#loop: LOOP: render_frame end success=true
08-08 14:14:11.634 31813  6689 I egui-showcase: egui_android_ui::widgets::text_edit: [TextEdit] render end
08-08 14:14:11.634 31813  6689 I egui-showcase: egui_android_ui::widgets::text_edit: [TextEdit] publish_editor_state enter Id::new(5657567104995057543)
08-08 14:14:11.634 31813  6689 I egui-showcase: egui_android_ui::widgets::text_edit: [TextEdit] publish_editor_state exit Id::new(5657567104995057543)
08-08 14:14:11.634 31813  6689 I egui-showcase: egui_android_ui::widgets::text_edit: [TextEdit] render end
08-08 14:14:11.634 31813  6689 I egui-showcase: egui_android_ui::widgets::text_edit: [TextEdit] render end
08-08 14:14:11.634 31813  6689 I egui-showcase: egui_android_ui::widgets::text_edit: [TextEdit] render end
08-08 14:14:11.634 31813  6689 I egui-showcase: egui_android_ui::widgets::text_edit: [TextEdit] render end
08-08 14:14:11.635 31813  6689 I egui-showcase: egui_android_platform_android::r#loop: LOOP: frame() вернулся
08-08 14:14:11.635 31813  6689 I egui-showcase: egui_android_platform_android::ime_jni: LOOP-JNI: update_cursor_rect enter [145,782,155,841]
08-08 14:14:11.635 31813  6689 I EguiActivity: updateCursorRect: [145, 782, 155, 841]
08-08 14:14:11.635 31813  6689 I egui-showcase: egui_android_platform_android::ime_jni: LOOP-JNI: update_cursor_rect exit
08-08 14:14:11.635 31813  6689 I egui-showcase: egui_android_platform_android::r#loop: LOOP: repaint_delay = 0ns (had_events=false, had_notify=false, событий в кадре=0)
08-08 14:14:11.635 31813  6689 I egui-showcase: egui_android_platform_android::r#loop: LOOP: render_frame begin (w=1280 h=2772)
08-08 14:14:11.635 31813  6689 I egui-showcase: egui_android_platform_android::graphics: render_frame: GL setup done
08-08 14:14:11.636 31813  6689 I egui-showcase: egui_android_platform_android::graphics: render_frame: tessellate done, primitives=18
08-08 14:14:11.636 31813  6689 I egui-showcase: egui_android_platform_android::graphics: render_frame: paint done
08-08 14:14:11.636 31813  6689 I egui-showcase: egui_android_platform_android::egl_backend: EglState: swap_buffers begin
08-08 14:14:11.636 31813  6689 I egui-showcase: egui_android_platform_android::egl_backend: EglState: swap_buffers end
08-08 14:14:11.636 31813  6689 I egui-showcase: egui_android_platform_android::r#loop: LOOP: render_frame end success=true
08-08 14:14:11.651 31813  6689 I egui-showcase: egui_android_ui::widgets::text_edit: [TextEdit] render end
08-08 14:14:11.651 31813  6689 I egui-showcase: egui_android_ui::widgets::text_edit: [TextEdit] publish_editor_state enter Id::new(5657567104995057543)
08-08 14:14:11.651 31813  6689 I egui-showcase: egui_android_ui::widgets::text_edit: [TextEdit] publish_editor_state exit Id::new(5657567104995057543)
08-08 14:14:11.651 31813  6689 I egui-showcase: egui_android_ui::widgets::text_edit: [TextEdit] render end
08-08 14:14:11.651 31813  6689 I egui-showcase: egui_android_ui::widgets::text_edit: [TextEdit] render end
08-08 14:14:11.651 31813  6689 I egui-showcase: egui_android_ui::widgets::text_edit: [TextEdit] render end
08-08 14:14:11.651 31813  6689 I egui-showcase: egui_android_ui::widgets::text_edit: [TextEdit] render end
08-08 14:14:11.651 31813  6689 I egui-showcase: egui_android_platform_android::r#loop: LOOP: frame() вернулся
08-08 14:14:11.651 31813  6689 I egui-showcase: egui_android_platform_android::ime_jni: LOOP-JNI: update_cursor_rect enter [145,782,155,841]
08-08 14:14:11.652 31813  6689 I EguiActivity: updateCursorRect: [145, 782, 155, 841]
08-08 14:14:11.652 31813  6689 I egui-showcase: egui_android_platform_android::ime_jni: LOOP-JNI: update_cursor_rect exit
08-08 14:14:11.652 31813  6689 I egui-showcase: egui_android_platform_android::r#loop: LOOP: repaint_delay = 394.563419ms (had_events=false, had_notify=false, событий в кадре=0)
08-08 14:14:11.652 31813  6689 I egui-showcase: egui_android_platform_android::r#loop: LOOP: render_frame begin (w=1280 h=2772)
08-08 14:14:11.652 31813  6689 I egui-showcase: egui_android_platform_android::graphics: render_frame: GL setup done
08-08 14:14:11.652 31813  6689 I egui-showcase: egui_android_platform_android::graphics: render_frame: tessellate done, primitives=18
08-08 14:14:11.652 31813  6689 I egui-showcase: egui_android_platform_android::graphics: render_frame: paint done
08-08 14:14:11.652 31813  6689 I egui-showcase: egui_android_platform_android::egl_backend: EglState: swap_buffers begin
08-08 14:14:11.652 31813  6689 I egui-showcase: egui_android_platform_android::egl_backend: EglState: swap_buffers end
08-08 14:14:11.652 31813  6689 I egui-showcase: egui_android_platform_android::r#loop: LOOP: render_frame end success=true
08-08 14:14:11.716 31813  6689 D egui-showcase: android_activity::activity_impl: Notifying Input Available
08-08 14:14:11.718 31813  6689 I egui-showcase: egui_android_ui::widgets::text_edit: [TextEdit] render end
08-08 14:14:11.718 31813  6689 I egui-showcase: egui_android_ui::widgets::text_edit: [TextEdit] id=Id::new(5657567104995057543) has_focus=false gained=false lost=true changed=false buffer="рррррр"
08-08 14:14:11.718 31813  6689 I egui-showcase: egui_android_ui::widgets::text_edit: [TextEdit] publish_editor_blur enter
08-08 14:14:11.718 31813  6689 I egui-showcase: egui_android_ui::widgets::text_edit: [TextEdit] publish_editor_blur exit
08-08 14:14:11.718 31813  6689 I egui-showcase: egui_android_platform_android::run: KeyboardController.hide(): запрошено (управляет loop по platform_output.ime)
08-08 14:14:13.125 31813 31813 I EguiImeView: performEditorAction: '6' (thread=main)
08-08 14:14:13.125 31813 31813 I egui-showcase: egui_android_platform_android::ime_jni: IME-JNI: IME_ACTION_DONE
08-08 14:14:13.125 31813 31813 I egui-showcase: egui_android_platform_android::ime_jni: IME-JNI: push_cmd enter (thread=<no-name>)
08-08 14:14:13.125 31813 31813 I egui-showcase: egui_android_platform_android::ime_jni: IME-JNI: push_cmd exit (thread=<no-name>)
08-08 14:14:15.248 31813 31813 I EguiImeView: performEditorAction: '6' (thread=main)
08-08 14:14:15.248 31813 31813 I egui-showcase: egui_android_platform_android::ime_jni: IME-JNI: IME_ACTION_DONE
08-08 14:14:15.248 31813 31813 I egui-showcase: egui_android_platform_android::ime_jni: IME-JNI: push_cmd enter (thread=<no-name>)
08-08 14:14:15.248 31813 31813 I egui-showcase: egui_android_platform_android::ime_jni: IME-JNI: push_cmd exit (thread=<no-name>)
08-08 14:14:15.975 31813 31813 I EguiImeView: performEditorAction: '6' (thread=main)
08-08 14:14:15.975 31813 31813 I egui-showcase: egui_android_platform_android::ime_jni: IME-JNI: IME_ACTION_DONE
08-08 14:14:15.976 31813 31813 I egui-showcase: egui_android_platform_android::ime_jni: IME-JNI: push_cmd enter (thread=<no-name>)
08-08 14:14:15.976 31813 31813 I egui-showcase: egui_android_platform_android::ime_jni: IME-JNI: push_cmd exit (thread=<no-name>)
08-08 14:14:17.197 31813 31813 I EguiImeView: commitText: 'н' (thread=main)
08-08 14:14:17.198 31813 31813 I egui-showcase: egui_android_platform_android::ime_jni: IME-JNI: commitText -> "н"
08-08 14:14:17.198 31813 31813 I egui-showcase: egui_android_platform_android::ime_jni: IME-JNI: push_cmd enter (thread=<no-name>)
08-08 14:14:17.198 31813 31813 I egui-showcase: egui_android_platform_android::ime_jni: IME-JNI: push_cmd exit (thread=<no-name>)
08-08 14:14:17.751 31813 31813 I EguiImeView: commitText: 'е' (thread=main)
08-08 14:14:17.751 31813 31813 I egui-showcase: egui_android_platform_android::ime_jni: IME-JNI: commitText -> "е"
08-08 14:14:17.751 31813 31813 I egui-showcase: egui_android_platform_android::ime_jni: IME-JNI: push_cmd enter (thread=<no-name>)
08-08 14:14:17.751 31813 31813 I egui-showcase: egui_android_platform_android::ime_jni: IME-JNI: push_cmd exit (thread=<no-name>)
